2.71%,409,o
1.98%,298,A
1.56%,236,0
1.24%,187,a
1.23%,185,de
1.13%,171,P
0.88%,133,m
0.84%,127,que
0.78%,117,e
0.76%,114,f
0.70%,106,d
0.70%,105,5
0.68%,102,u
0.66%,100,O
0.64%,97,S
0.64%,97,ola
0.64%,96,1
0.58%,87,n
0.55%,83,2
0.51%,77,do
0.48%,73,thick
0.45%,68,marquee
0.44%,67,da
0.42%,64,3
0.42%,63,no
0.42%,63,E
0.40%,60,interval
0.40%,60,eye
0.39%,59,s
0.34%,52,lps
0.34%,51,tem
0.34%,51,na
0.34%,51,D
0.32%,49,um
0.32%,49,T
0.32%,48,me
0.31%,47,eu
0.30%,45,t
0.30%,45,pra
0.29%,43,N
0.28%,42,mais
0.27%,40,vai
0.27%,40,h
0.27%,40,G
0.27%,40,6
0.25%,38,som
0.23%,35,B
0.23%,34,H
0.21%,32,W
0.21%,32,Eu
0.21%,32,com
0.21%,32,aqui
0.21%,31,K
0.20%,30,9
0.20%,30,8
0.20%,30,4
0.19%,29,Quero
0.19%,29,Fora
0.19%,28,uma
0.19%,28,meu
0.19%,28,JOHNNY
0.19%,28,F
0.19%,28,em
0.18%,27,DE
0.17%,26,temer
0.17%,26,Oi
0.17%,26,Katia
0.17%,26,gente
0.17%,26,7
0.17%,25,se
0.17%,25,minha
0.17%,25,528
0.17%,25,523
0.16%,24,5000
0.16%,24,500
0.16%,24,25
0.16%,24,1046
0.15%,23,Z
0.15%,23,Vai
0.15%,23,quero
0.15%,23,I
0.15%,22,sala
0.14%,21,vida
0.14%,21,para
0.14%,21,L
0.13%,20,b
0.13%,20,as
0.13%,19,V
0.13%,19,Toca
0.13%,19,seu
0.13%,19,nao
0.13%,19,Daiane
0.13%,19,261
0.12%,18,U
0.12%,18,te
0.12%,18,os
0.12%,18,j
0.12%,18,isso
0.12%,18,fora
0.12%,18,amor
0.12%,18,ai
0.11%,17,Vou
0.11%,17,vou
0.11%,17,Som
0.11%,17,q
0.11%,17,oi
0.11%,17,muito
0.11%,17,M
0.11%,17,J
0.11%,17,fazer
0.11%,17,852
0.11%,17,741
0.11%,17,396
0.11%,16,voc
0.11%,16,Temer
0.11%,16,Q
0.11%,16,Olha
0.11%,16,melhor
0.10%,15,X
0.10%,15,tuts
0.10%,15,ta
0.10%,15,Solta
0.10%,15,saiu
0.10%,15,Quem
0.10%,15,div
0.10%,15,cara
0.10%,15,banda
0.10%,15,99
0.10%,15,2093
0.09%,14,tudo
0.09%,14,to
0.09%,14,sua
0.09%,14,style
0.09%,14,ser
0.09%,14,rio
0.09%,14,por
0.09%,14,pizza
0.09%,14,mente
0.09%,14,est
0.09%,14,entrou
0.09%,14,C
0.09%,14,783
0.09%,14,63
0.09%,13,z
0.09%,13,vem
0.09%,13,vc
0.09%,13,VAI
0.09%,13,To
0.09%,13,Sim
0.09%,13,show
0.09%,13,quer
0.09%,13,Que
0.09%,13,p
0.09%,13,NO
0.09%,13,k
0.09%,13,FORA
0.09%,13,foi
0.09%,13,666
0.09%,13,1250
0.09%,13,10000
0.08%,12,width
0.08%,12,Vem
0.08%,12,SILVIO
0.08%,12,quem
0.08%,12,piano
0.08%,12,ou
0.08%,12,ncia
0.08%,12,Nao
0.08%,12,Me
0.08%,12,kkkk
0.08%,12,Kaio
0.08%,12,hoje
0.08%,12,height
0.08%,12,gata
0.08%,12,faz
0.08%,12,DJ
0.08%,12,333
0.08%,12,100px
0.07%,11,the
0.07%,11,TA
0.07%,11,Silvio
0.07%,11,Rodrigo
0.07%,11,pro
0.07%,11,mezzo
0.07%,11,Mais
0.07%,11,Kkkkkkk
0.07%,11,amo
0.07%,11,agora
0.07%,11,999
0.07%,11,300
0.07%,11,26
0.07%,11,2500
0.07%,11,192
0.07%,11,168
0.07%,10,you
0.07%,10,xyz
0.07%,10,Volta
0.07%,10,top
0.07%,10,todos
0.07%,10,sou
0.07%,10,sei
0.07%,10,PARA
0.07%,10,paga
0.07%,10,novo
0.07%,10,mundial
0.07%,10,Maestro
0.07%,10,eh
0.07%,10,Dani
0.07%,10,Corinthians
0.07%,10,come
0.07%,10,codigo
0.07%,10,Cad
0.07%,10,background
0.07%,10,alo
0.07%,10,98
0.07%,10,52
0.07%,10,1665
0.07%,10,1567
0.06%,9,Y
0.06%,9,x
0.06%,9,Vamos
0.06%,9,Top
0.06%,9,tc
0.06%,9,script
0.06%,9,R
0.06%,9,QUE
0.06%,9,puts
0.06%,9,Pa
0.06%,9,NAO
0.06%,9,mim
0.06%,9,mas
0.06%,9,MANO
0.06%,9,LOGIC
0.06%,9,l
0.06%,9,Kkkkk
0.06%,9,is
0.06%,9,i
0.06%,9,Huahuahu
0.06%,9,guitarra
0.06%,9,DO
0.06%,9,cio
0.06%,9,breja
0.06%,9,Bora
0.06%,9,bom
0.06%,9,bem
0.06%,9,ao
0.06%,9,Alo
0.06%,9,aaa
0.06%,9,aa
0.06%,9,0
0.05%,8,vamos
0.05%,8,v
0.05%,8,Tuts
0.05%,8,Tudo
0.05%,8,todo
0.05%,8,TEMER
0.05%,8,Tem
0.05%,8,sem
0.05%,8,pouco
0.05%,8,pelo
0.05%,8,pagar
0.05%,8,Meu
0.05%,8,mesmo
0.05%,8,Mauricio
0.05%,8,linda
0.05%,8,Johnny
0.05%,8,ja
0.05%,8,Isso
0.05%,8,BIANCA
0.05%,8,Banda
0.05%,8,at
0.05%,8,Alguem
0.05%,8,Aaa
0.05%,8,726
0.05%,8,351
0.05%,8,1606
0.05%,7,zap
0.05%,7,xixi
0.05%,7,ter
0.05%,7,Ta
0.05%,7,so
0.05%,7,QUERO
0.05%,7,QUER
0.05%,7,quando
0.05%,7,pq
0.05%,7,Opa
0.05%,7,onde
0.05%,7,OLHA
0.05%,7,ns
0.05%,7,nome
0.05%,7,nois
0.05%,7,nada
0.05%,7,NA
0.05%,7,mundo
0.05%,7,Maur
0.05%,7,Kkkk
0.05%,7,Kkk
0.05%,7,Kissil
0.05%,7,galera
0.05%,7,esse
0.05%,7,dos
0.05%,7,De
0.05%,7,DA
0.05%,7,conta
0.05%,7,Chega
0.05%,7,chama
0.05%,7,Bianca
0.05%,7,ar
0.05%,7,AN
0.05%,7,aki
0.05%,7,aberta
0.04%,6,y
0.04%,6,Wifi
0.04%,6,w
0.04%,6,Vitor
0.04%,6,tu
0.04%,6,teste
0.04%,6,tentar
0.04%,6,TE
0.04%,6,sp
0.04%,6,solta
0.04%,6,Show
0.04%,6,Se
0.04%,6,Sai
0.04%,6,Raul
0.04%,6,PRA
0.04%,6,passa
0.04%,6,Palmeiras
0.04%,6,Ok
0.04%,6,OCUPA
0.04%,6,nio
0.04%,6,MUITO
0.04%,6,mero
0.04%,6,Lolla
0.04%,6,Llll
0.04%,6,liga
0.04%,6,legal
0.04%,6,lare
0.04%,6,kkkkk
0.04%,6,ipsum
0.04%,6,Hahahaha
0.04%,6,Gente
0.04%,6,for
0.04%,6,fica
0.04%,6,EU
0.04%,6,es
0.04%,6,entre
0.04%,6,endere
0.04%,6,Do
0.04%,6,dj
0.04%,6,dia
0.04%,6,Deus
0.04%,6,Desisla
0.04%,6,Da
0.04%,6,Com
0.04%,6,coisa
0.04%,6,Chora
0.04%,6,Cheguei
0.04%,6,CHEGA
0.04%,6,casa
0.04%,6,cabelo
0.04%,6,c
0.04%,6,brb
0.04%,6,boa
0.04%,6,blue
0.04%,6,bim
0.04%,6,bb
0.04%,6,bass
0.04%,6,assistir
0.04%,6,apesar
0.04%,6,ali
0.04%,6,ainda
0.04%,6,ah
0.04%,6,500px
0.04%,6,200px
0.04%,6,1234
0.04%,6,10
0.03%,5,Yyyy
0.03%,5,Voc
0.03%,5,ver
0.03%,5,vcs
0.03%,5,umas
0.03%,5,Um
0.03%,5,tocar
0.03%,5,toc
0.03%,5,tempo
0.03%,5,Tchau
0.03%,5,TANG
0.03%,5,sudo
0.03%,5,sim
0.03%,5,sempre
0.03%,5,Sem
0.03%,5,SALATA
0.03%,5,sai
0.03%,5,rolar
0.03%,5,rede
0.03%,5,rea
0.03%,5,Poxa
0.03%,5,Por
0.03%,5,passar
0.03%,5,Parab
0.03%,5,palmeiras
0.03%,5,PA
0.03%,5,Ou
0.03%,5,Ooooo
0.03%,5,onda
0.03%,5,Olar
0.03%,5,OK
0.03%,5,nunca
0.03%,5,num
0.03%,5,noite
0.03%,5,No
0.03%,5,nem
0.03%,5,navegador
0.03%,5,nas
0.03%,5,Margarete
0.03%,5,mano
0.03%,5,Lllll
0.03%,5,livre
0.03%,5,LINDO
0.03%,5,lindo
0.03%,5,lek
0.03%,5,Leia
0.03%,5,LA
0.03%,5,Kkkkkkkkk
0.03%,5,Kkkkkk
0.03%,5,kk
0.03%,5,Joesley
0.03%,5,Ja
0.03%,5,indica
0.03%,5,IME
0.03%,5,HOT
0.03%,5,hello
0.03%,5,g
0.03%,5,fome
0.03%,5,Foi
0.03%,5,ficar
0.03%,5,favor
0.03%,5,fala
0.03%,5,existe
0.03%,5,ex
0.03%,5,estar
0.03%,5,Esse
0.03%,5,essa
0.03%,5,EMBRAZANDO
0.03%,5,embora
0.03%,5,ela
0.03%,5,Eba
0.03%,5,doido
0.03%,5,Dj
0.03%,5,disco
0.03%,5,deus
0.03%,5,deu
0.03%,5,dessa
0.03%,5,das
0.03%,5,cu
0.03%,5,cora
0.03%,5,Como
0.03%,5,coloque
0.03%,5,chupa
0.03%,5,chegou
0.03%,5,ch
0.03%,5,Cachinhos
0.03%,5,Bom
0.03%,5,Boa
0.03%,5,Bigorna
0.03%,5,bateria
0.03%,5,aulas
0.03%,5,Ant
0.03%,5,andando
0.03%,5,Amor
0.03%,5,Amo
0.03%,5,Algu
0.03%,5,Ah
0.03%,5,Adnam
0.03%,5,Acessem
0.03%,5,Aaaa
0.03%,5,Aa
0.03%,5,622
0.03%,5,196
0.03%,4,Zzzz
0.03%,4,Zago
0.03%,4,Vvvvv
0.03%,4,volume
0.03%,4,VOLTA
0.03%,4,volta
0.03%,4,voador
0.03%,4,vivo
0.03%,4,vi
0.03%,4,vel
0.03%,4,Vcs
0.03%,4,VC
0.03%,4,Vc
0.03%,4,vamo
0.03%,4,Uuuiu
0.03%,4,UM
0.03%,4,tunks
0.03%,4,Tttttttt
0.03%,4,TT
0.03%,4,tss
0.03%,4,trabalho
0.03%,4,toca
0.03%,4,Teste
0.03%,4,tenho
0.03%,4,tecer
0.03%,4,tcha
0.03%,4,tb
0.03%,4,Taca
0.03%,4,taca
0.03%,4,Sou
0.03%,4,solteira
0.03%,4,Solo
0.03%,4,Sol
0.03%,4,So
0.03%,4,SE
0.03%,4,sair
0.03%,4,SA
0.03%,4,sa
0.03%,4,S2
0.03%,4,radius
0.03%,4,quinta
0.03%,4,Quieto
0.03%,4,quieto
0.03%,4,Queria
0.03%,4,Qual
0.03%,4,qual
0.03%,4,PUNK
0.03%,4,punk
0.03%,4,portal
0.03%,4,porra
0.03%,4,POR
0.03%,4,pom
0.03%,4,pode
0.03%,4,Piano
0.03%,4,pessoal
0.03%,4,pessoa
0.03%,4,perder
0.03%,4,Para
0.03%,4,outro
0.03%,4,on
0.03%,4,Nem
0.03%,4,Muito
0.03%,4,Missionario
0.03%,4,Mimo
0.03%,4,menos
0.03%,4,MELHOR
0.03%,4,ME
0.03%,4,Mc
0.03%,4,Mas
0.03%,4,Margo
0.03%,4,MAIS
0.03%,4,LOGO
0.03%,4,lala
0.03%,4,la
0.03%,4,Jhony
0.03%,4,ia
0.03%,4,Hum
0.03%,4,hora
0.03%,4,Hhh
0.03%,4,Hahahahaha
0.03%,4,Hahahah
0.03%,4,Gggg
0.03%,4,gato
0.03%,4,Funk
0.03%,4,Festival
0.03%,4,falar
0.03%,4,Discurso
0.03%,4,desse
0.03%,4,DANI
0.03%,4,crush
0.03%,4,corta
0.03%,4,copo
0.03%,4,consci
0.03%,4,como
0.03%,4,comigo
0.03%,4,color
0.03%,4,coisas
0.03%,4,Chupa
0.03%,4,chat
0.03%,4,cantar
0.03%,4,Caf
0.03%,4,cad
0.03%,4,cachinhos
0.03%,4,cabe
0.03%,4,Bruno
0.03%,4,Brasil
0.03%,4,border
0.03%,4,BOLSOMITO
0.03%,4,bolo
0.03%,4,bio
0.03%,4,Bazinga
0.03%,4,Basta
0.03%,4,BASS
0.03%,4,AUMENTA
0.03%,4,APESAR
0.03%,4,Apesar
0.03%,4,ano
0.03%,4,andar
0.03%,4,AMO
0.03%,4,amigo
0.03%,4,algu
0.03%,4,Alan
0.03%,4,AI
0.03%,4,Agora
0.03%,4,Acabou
0.03%,4,Aaaaaa
0.03%,4,644
0.03%,4,50px
0.03%,4,45
0.03%,4,3820
0.03%,4,324
0.03%,4,11
0.03%,4,1010
0.02%,3,Zzzzzzzz
0.02%,3,Zeppelin
0.02%,3,Zen
0.02%,3,www
0.02%,3,WW
0.02%,3,Vvvvvv
0.02%,3,vontade
0.02%,3,voltou
0.02%,3,voltem
0.02%,3,VOC
0.02%,3,virtual
0.02%,3,Vi
0.02%,3,vez
0.02%,3,vermelha
0.02%,3,VEM
0.02%,3,Vamo
0.02%,3,uva
0.02%,3,Uuuuuu
0.02%,3,Uuuu
0.02%,3,Uuu
0.02%,3,USP
0.02%,3,usp
0.02%,3,uns
0.02%,3,Uma
0.02%,3,ultra
0.02%,3,ULA
0.02%,3,Tum
0.02%,3,TUDO
0.02%,3,Tu
0.02%,3,Ttttttt
0.02%,3,Ttttt
0.02%,3,Treta
0.02%,3,tranquilo
0.02%,3,tr
0.02%,3,tomar
0.02%,3,TODAS
0.02%,3,tica
0.02%,3,Tic
0.02%,3,Thiffany
0.02%,3,there
0.02%,3,TEXTO
0.02%,3,texto
0.02%,3,Temerosos
0.02%,3,telefone
0.02%,3,tarde
0.02%,3,Ssss
0.02%,3,somos
0.02%,3,sit
0.02%,3,sica
0.02%,3,si
0.02%,3,SHIU
0.02%,3,send
0.02%,3,Semana
0.02%,3,semana
0.02%,3,sao
0.02%,3,sample
0.02%,3,salata
0.02%,3,sabe
0.02%,3,Roberto
0.02%,3,RIO
0.02%,3,ria
0.02%,3,red
0.02%,3,r
0.02%,3,quis
0.02%,3,quadrado
0.02%,3,Puts
0.02%,3,put
0.02%,3,primeiro
0.02%,3,pr
0.02%,3,PP
0.02%,3,Pp
0.02%,3,posso
0.02%,3,POE
0.02%,3,pegar
0.02%,3,Paulo
0.02%,3,Parabens
0.02%,3,parabens
0.02%,3,palestra
0.02%,3,palavra
0.02%,3,pa
0.02%,3,Ozemar
0.02%,3,ouvir
0.02%,3,outras
0.02%,3,outra
0.02%,3,Os
0.02%,3,Onde
0.02%,3,ombro
0.02%,3,OLE
0.02%,3,Ola
0.02%,3,OL
0.02%,3,Ol
0.02%,3,oioi
0.02%,3,Oiiiii
0.02%,3,Oiiii
0.02%,3,of
0.02%,3,Num
0.02%,3,nota
0.02%,3,not
0.02%,3,nos
0.02%,3,Nois
0.02%,3,ningu
0.02%,3,ne
0.02%,3,ncias
0.02%,3,nasce
0.02%,3,musica
0.02%,3,money
0.02%,3,mil
0.02%,3,Mezzo
0.02%,3,MEU
0.02%,3,MENTE
0.02%,3,meninas
0.02%,3,MC
0.02%,3,maravilhosa
0.02%,3,Mano
0.02%,3,mandar
0.02%,3,MAESTRO
0.02%,3,Lula
0.02%,3,love
0.02%,3,Lorem
0.02%,3,Lll
0.02%,3,lenita
0.02%,3,LALA
0.02%,3,Lala
0.02%,3,lado
0.02%,3,KKKKKK
0.02%,3,kkk
0.02%,3,Jesus
0.02%,3,JA
0.02%,3,ISSO
0.02%,3,ir
0.02%,3,ime
0.02%,3,If
0.02%,3,ich
0.02%,3,IA
0.02%,3,html
0.02%,3,Hhhhh
0.02%,3,hein
0.02%,3,hahaha
0.02%,3,gua
0.02%,3,Gsjsjjs
0.02%,3,grupo
0.02%,3,gosto
0.02%,3,Gostei
0.02%,3,ggggg
0.02%,3,Galere
0.02%,3,galere
0.02%,3,forte
0.02%,3,foda
0.02%,3,feliz
0.02%,3,falei
0.02%,3,Fala
0.02%,3,fa
0.02%,3,estou
0.02%,3,estado
0.02%,3,en
0.02%,3,eles
0.02%,3,ELE
0.02%,3,ele
0.02%,3,Eita
0.02%,3,ei
0.02%,3,Eeeee
0.02%,3,dormir
0.02%,3,dolor
0.02%,3,docinho
0.02%,3,doce
0.02%,3,diz
0.02%,3,disse
0.02%,3,din
0.02%,3,dilma
0.02%,3,DEUS
0.02%,3,Deruba
0.02%,3,dd
0.02%,3,Daine
0.02%,3,cru
0.02%,3,cri
0.02%,3,cravo
0.02%,3,COTAS
0.02%,3,compressor
0.02%,3,COMO
0.02%,3,Comer
0.02%,3,COM
0.02%,3,ci
0.02%,3,churrasco
0.02%,3,chegando
0.02%,3,chao
0.02%,3,Chama
0.02%,3,capital
0.02%,3,can
0.02%,3,caiu
0.02%,3,CAF
0.02%,3,Cade
0.02%,3,cade
0.02%,3,bumbum
0.02%,3,BUG
0.02%,3,brasil
0.02%,3,bomba
0.02%,3,Bolsonaro
0.02%,3,bolsa
0.02%,3,Bj
0.02%,3,BIRL
0.02%,3,bianca
0.02%,3,basta
0.02%,3,Balalaika
0.02%,3,baixo
0.02%,3,bado
0.02%,3,bacana
0.02%,3,Aumenta
0.02%,3,au
0.02%,3,ate
0.02%,3,At
0.02%,3,assim
0.02%,3,AS
0.02%,3,As
0.02%,3,aprender
0.02%,3,Ao
0.02%,3,anivers
0.02%,3,and
0.02%,3,ANA
0.02%,3,amet
0.02%,3,amanh
0.02%,3,AMA
0.02%,3,alguem
0.02%,3,AL
0.02%,3,Al
0.02%,3,agua
0.02%,3,ae
0.02%,3,add
0.02%,3,acabar
0.02%,3,Abre
0.02%,3,AAAAAAA
0.02%,3,aaaa
0.02%,3,AA
0.02%,3,88
0.02%,3,55
0.02%,3,444
0.02%,3,33
0.02%,3,2018
0.02%,3,15
0.02%,3,12
0.02%,3,0
0.01%,2,Zzzzzzzzzzzzzz
0.01%,2,Zzzzzzzzz
0.01%,2,Zzzzzzz
0.01%,2,Zzzzzz
0.01%,2,zuera
0.01%,2,zaira
0.01%,2,Xxxxx
0.01%,2,XXT
0.01%,2,Xuxa
0.01%,2,xiu
0.01%,2,xiri
0.01%,2,xima
0.01%,2,xenakis
0.01%,2,XD
0.01%,2,Xccccccccccc
0.01%,2,WWWW
0.01%,2,world
0.01%,2,work
0.01%,2,Winx
0.01%,2,white
0.01%,2,Vvv
0.01%,2,voz
0.01%,2,volto
0.01%,2,voi
0.01%,2,Vodka
0.01%,2,VOAR
0.01%,2,Vivamus
0.01%,2,Viva
0.01%,2,VITAR
0.01%,2,Vitao
0.01%,2,viol
0.01%,2,VIDEOS
0.01%,2,VIADO
0.01%,2,Vestibulum
0.01%,2,Verde
0.01%,2,veni
0.01%,2,vendo
0.01%,2,velin
0.01%,2,veja
0.01%,2,vehicula
0.01%,2,Vaza
0.01%,2,vaza
0.01%,2,varius
0.01%,2,Vampiros
0.01%,2,valor
0.01%,2,vale
0.01%,2,uuuuuuuuu
0.01%,2,Uuuuuuu
0.01%,2,UUUUUU
0.01%,2,Uu
0.01%,2,ut
0.01%,2,USA
0.01%,2,up
0.01%,2,universit
0.01%,2,und
0.01%,2,Uau
0.01%,2,Uai
0.01%,2,tv
0.01%,2,Tun
0.01%,2,Tttttt
0.01%,2,TTTT
0.01%,2,Tttt
0.01%,2,TTT
0.01%,2,Tta
0.01%,2,Truco
0.01%,2,tropical
0.01%,2,trompete
0.01%,2,troca
0.01%,2,triste
0.01%,2,Tr
0.01%,2,Tpo
0.01%,2,TOP
0.01%,2,TOMA
0.01%,2,toma
0.01%,2,tok
0.01%,2,toda
0.01%,2,Tira
0.01%,2,tira
0.01%,2,tipo
0.01%,2,ti
0.01%,2,tela
0.01%,2,Tecnologia
0.01%,2,tecnologia
0.01%,2,tebol
0.01%,2,TCHUM
0.01%,2,tchu
0.01%,2,TC
0.01%,2,Tava
0.01%,2,tava
0.01%,2,Tatata
0.01%,2,tao
0.01%,2,Tamo
0.01%,2,tambor
0.01%,2,Tamb
0.01%,2,tamb
0.01%,2,taka
0.01%,2,TADEU
0.01%,2,table
0.01%,2,sz
0.01%,2,SUCO
0.01%,2,SUBIR
0.01%,2,storfes
0.01%,2,SSSSSSSSSSSSS
0.01%,2,Sssssss
0.01%,2,Sssss
0.01%,2,Sss
0.01%,2,Spotted
0.01%,2,span
0.01%,2,space
0.01%,2,SOU
0.01%,2,Somos
0.01%,2,SOM
0.01%,2,solteiro
0.01%,2,Soh
0.01%,2,Sks
0.01%,2,size
0.01%,2,Silva
0.01%,2,seus
0.01%,2,SEU
0.01%,2,serio
0.01%,2,Ser
0.01%,2,senhora
0.01%,2,seja
0.01%,2,Seis
0.01%,2,Segura
0.01%,2,Samsung
0.01%,2,Salve
0.01%,2,SAI
0.01%,2,SABE
0.01%,2,Sabe
0.01%,2,Sa
0.01%,2,ruim
0.01%,2,roubando
0.01%,2,rosca
0.01%,2,ronqui
0.01%,2,ronca
0.01%,2,Rolou
0.01%,2,ROGER
0.01%,2,Roger
0.01%,2,Rog
0.01%,2,RODRIGO
0.01%,2,rock
0.01%,2,Rip
0.01%,2,rios
0.01%,2,ricca
0.01%,2,renuncio
0.01%,2,reitora
0.01%,2,rei
0.01%,2,reclama
0.01%,2,reais
0.01%,2,raul
0.01%,2,qwwwwwwww
0.01%,2,querida
0.01%,2,QUERENDO
0.01%,2,querendo
0.01%,2,quarto
0.01%,2,Quando
0.01%,2,qualidade
0.01%,2,qu
0.01%,2,Qr
0.01%,2,pvt
0.01%,2,PT
0.01%,2,pt
0.01%,2,prof
0.01%,2,produ
0.01%,2,pri
0.01%,2,PRESS
0.01%,2,preso
0.01%,2,presidente
0.01%,2,presente
0.01%,2,preparada
0.01%,2,precisa
0.01%,2,Pra
0.01%,2,Pr
0.01%,2,Pqp
0.01%,2,Pq
0.01%,2,PPPPPPPPPPPPPPPPPPPPPPPPPPPPPPPPPPPPP
0.01%,2,Pppppp
0.01%,2,Pppp
0.01%,2,pouquinho
0.01%,2,potter
0.01%,2,posuere
0.01%,2,poderia
0.01%,2,Pode
0.01%,2,pm
0.01%,2,pistola
0.01%,2,Pink
0.01%,2,pink
0.01%,2,pido
0.01%,2,pesco
0.01%,2,perfil
0.01%,2,perdoa
0.01%,2,pensar
0.01%,2,PELA
0.01%,2,pela
0.01%,2,pego
0.01%,2,PEGA
0.01%,2,pega
0.01%,2,pedi
0.01%,2,pede
0.01%,2,paulo
0.01%,2,paulista
0.01%,2,pau
0.01%,2,Passa
0.01%,2,paso
0.01%,2,partiu
0.01%,2,partitura
0.01%,2,participando
0.01%,2,parou
0.01%,2,parede
0.01%,2,parecendo
0.01%,2,parceiro
0.01%,2,pam
0.01%,2,palmer
0.01%,2,pai
0.01%,2,pablo
0.01%,2,ow
0.01%,2,ouros
0.01%,2,OS
0.01%,2,ordem
0.01%,2,orci
0.01%,2,or
0.01%,2,Oooooooooo
0.01%,2,Oooooo
0.01%,2,Ooo
0.01%,2,ooo
0.01%,2,Ooh
0.01%,2,online
0.01%,2,olha
0.01%,2,Olaaaa
0.01%,2,ok
0.01%,2,Oioi
0.01%,2,Oie
0.01%,2,oie
0.01%,2,Oh
0.01%,2,OBRIGADO
0.01%,2,Obrigada
0.01%,2,Nullam
0.01%,2,Novinha
0.01%,2,NOSSO
0.01%,2,nosso
0.01%,2,nossa
0.01%,2,Nos
0.01%,2,nooooooo
0.01%,2,nokia
0.01%,2,noixx
0.01%,2,noisssss
0.01%,2,NOIS
0.01%,2,ninguem
0.01%,2,nima
0.01%,2,NICO
0.01%,2,nica
0.01%,2,Ngm
0.01%,2,neg
0.01%,2,naruto
0.01%,2,namorado
0.01%,2,Na
0.01%,2,my
0.01%,2,muro
0.01%,2,Mulheres
0.01%,2,mulher
0.01%,2,muita
0.01%,2,mto
0.01%,2,msn
0.01%,2,Mosh
0.01%,2,MORREU
0.01%,2,morreu
0.01%,2,morrer
0.01%,2,morre
0.01%,2,Mo
0.01%,2,MNEM
0.01%,2,Mmmmm
0.01%,2,MM
0.01%,2,MINHA
0.01%,2,Minha
0.01%,2,MINC
0.01%,2,minas
0.01%,2,metr
0.01%,2,Mensagem
0.01%,2,MEMES
0.01%,2,Melhor
0.01%,2,Max
0.01%,2,max
0.01%,2,materia
0.01%,2,matem
0.01%,2,matando
0.01%,2,mata
0.01%,2,marreco
0.01%,2,marky
0.01%,2,markee
0.01%,2,mao
0.01%,2,MANOM
0.01%,2,mail
0.01%,2,magna
0.01%,2,maestro
0.01%,2,Machistas
0.01%,2,ma
0.01%,2,ly
0.01%,2,luz
0.01%,2,lugar
0.01%,2,Luciana
0.01%,2,lorem
0.01%,2,longe
0.01%,2,LOLLA
0.01%,2,loka
0.01%,2,logo
0.01%,2,log10
0.01%,2,LOCURA
0.01%,2,LLLLLLL
0.01%,2,lllllll
0.01%,2,llllll
0.01%,2,livro
0.01%,2,LITA
0.01%,2,lista
0.01%,2,ligar
0.01%,2,Liga
0.01%,2,leva
0.01%,2,Led
0.01%,2,le
0.01%,2,Layse
0.01%,2,layse
0.01%,2,Larguei
0.01%,2,ladr
0.01%,2,Kkkkkkkkkkkkkkkkkkk
0.01%,2,Kkkkkkkk
0.01%,2,KKKKKKK
0.01%,2,KKKK
0.01%,2,keep
0.01%,2,katia
0.01%,2,kakakakakaka
0.01%,2,KAIO
0.01%,2,kaio
0.01%,2,JOHHNY
0.01%,2,jogar
0.01%,2,jo
0.01%,2,Jessica
0.01%,2,jessica
0.01%,2,jeito
0.01%,2,Je
0.01%,2,Jdjdbd
0.01%,2,jcu
0.01%,2,Jcjcdjxjxj
0.01%,2,JBS
0.01%,2,japa
0.01%,2,Ivo
0.01%,2,it
0.01%,2,invaders
0.01%,2,interrompido
0.01%,2,Internet
0.01%,2,internacional
0.01%,2,intermin
0.01%,2,Insuficiencia
0.01%,2,inocente
0.01%,2,IN
0.01%,2,in
0.01%,2,Ime
0.01%,2,Iiiii
0.01%,2,Iiii
0.01%,2,iii
0.01%,2,Hut
0.01%,2,humanos
0.01%,2,http
0.01%,2,HORA
0.01%,2,Hoje
0.01%,2,hj
0.01%,2,hi
0.01%,2,help
0.01%,2,Heloisy
0.01%,2,Hello
0.01%,2,HELENA
0.01%,2,Harry
0.01%,2,hahahah
0.01%,2,Hahaha
0.01%,2,Haha
0.01%,2,HA
0.01%,2,GUITARRA
0.01%,2,Gs
0.01%,2,green
0.01%,2,grau
0.01%,2,gratis
0.01%,2,GRA
0.01%,2,Gra
0.01%,2,gosta
0.01%,2,GOLPISTAS
0.01%,2,Gggggg
0.01%,2,GG
0.01%,2,george
0.01%,2,gay
0.01%,2,Galera
0.01%,2,Gaga
0.01%,2,forma
0.01%,2,font
0.01%,2,FODA
0.01%,2,fluxo
0.01%,2,Floyd
0.01%,2,fim
0.01%,2,filha
0.01%,2,fide
0.01%,2,ficou
0.01%,2,Fica
0.01%,2,festival
0.01%,2,Feliz
0.01%,2,fecha
0.01%,2,famosos
0.01%,2,falta
0.01%,2,falou
0.01%,2,FAC
0.01%,2,experimental
0.01%,2,evid
0.01%,2,Everton
0.01%,2,estudar
0.01%,2,estrela
0.01%,2,Estamos
0.01%,2,ESSE
0.01%,2,esquecer
0.01%,2,esperando
0.01%,2,escrever
0.01%,2,escravismo
0.01%,2,Escorrega
0.01%,2,escola
0.01%,2,era
0.01%,2,Entrei
0.01%,2,entra
0.01%,2,enim
0.01%,2,encanta
0.01%,2,EM
0.01%,2,elit
0.01%,2,ELA
0.01%,2,Eitaaaa
0.01%,2,EH
0.01%,2,Ecossistema
0.01%,2,Earth
0.01%,2,Each
0.01%,2,dum
0.01%,2,domingo
0.01%,2,dois
0.01%,2,doideira
0.01%,2,doida
0.01%,2,doh
0.01%,2,dizer
0.01%,2,disso
0.01%,2,DISCURSO
0.01%,2,diria
0.01%,2,Ding
0.01%,2,dias
0.01%,2,depois
0.01%,2,demais
0.01%,2,DD
0.01%,2,DAS
0.01%,2,dar
0.01%,2,Dai
0.01%,2,cunha
0.01%,2,Cu
0.01%,2,CRUSH
0.01%,2,crian
0.01%,2,Cravo
0.01%,2,cozidoO
0.01%,2,corpo
0.01%,2,corinthians
0.01%,2,Continua
0.01%,2,contato
0.01%,2,conseguiria
0.01%,2,consectetur
0.01%,2,consciencia
0.01%,2,Conex
0.01%,2,Concordo
0.01%,2,comida
0.01%,2,colorido
0.01%,2,colonial
0.01%,2,Coisa
0.01%,2,cima
0.01%,2,cil
0.01%,2,chuchu
0.01%,2,certo
0.01%,2,centro
0.01%,2,cel
0.01%,2,Cccccccccc
0.01%,2,Casa
0.01%,2,carai
0.01%,2,cantor
0.01%,2,canta
0.01%,2,Cansei
0.01%,2,campe
0.01%,2,camisa
0.01%,2,cair
0.01%,2,cada
0.01%,2,caceta
0.01%,2,By
0.01%,2,buscar
0.01%,2,bunda
0.01%,2,Brilha
0.01%,2,break
0.01%,2,brasileiro
0.01%,2,br
0.01%,2,Bota
0.01%,2,Boraaaa
0.01%,2,bombeira
0.01%,2,BOM
0.01%,2,bold
0.01%,2,bolacha
0.01%,2,boing
0.01%,2,blico
0.01%,2,bjs
0.01%,2,bite
0.01%,2,bit
0.01%,2,Biologia
0.01%,2,biologia
0.01%,2,bin
0.01%,2,BIGORNA
0.01%,2,best
0.01%,2,Beijinho
0.01%,2,bbbbbb
0.01%,2,Bbbbb
0.01%,2,Bateria
0.01%,2,bate
0.01%,2,Batatinha
0.01%,2,batata
0.01%,2,Bass
0.01%,2,banheiro
0.01%,2,Bang
0.01%,2,bang
0.01%,2,bandaaberta3
0.01%,2,bairro
0.01%,2,Bahia
0.01%,2,backgound
0.01%,2,back
0.01%,2,Bach
0.01%,2,aumenta
0.01%,2,aula
0.01%,2,Assim
0.01%,2,ASS
0.01%,2,arte
0.01%,2,Arminda
0.01%,2,Ariane
0.01%,2,are
0.01%,2,AQUI
0.01%,2,Aquela
0.01%,2,APAIXONADO
0.01%,2,ap
0.01%,2,aos
0.01%,2,Antonioz
0.01%,2,anos
0.01%,2,Andressa
0.01%,2,Andresa
0.01%,2,ando
0.01%,2,Ana
0.01%,2,An
0.01%,2,amento
0.01%,2,ame
0.01%,2,amarelo
0.01%,2,Amanh
0.01%,2,amando
0.01%,2,amamosss
0.01%,2,AMAMOS
0.01%,2,ama
0.01%,2,am
0.01%,2,alunos
0.01%,2,aluno
0.01%,2,aliquam
0.01%,2,alert
0.01%,2,Ahhhh
0.01%,2,AH
0.01%,2,aguento
0.01%,2,agosto
0.01%,2,AGORA
0.01%,2,afim
0.01%,2,Aeeeee
0.01%,2,Aeeee
0.01%,2,adoro
0.01%,2,Adocica
0.01%,2,admin
0.01%,2,adipiscing
0.01%,2,Ada
0.01%,2,ada
0.01%,2,Acordaaaaaa
0.01%,2,Acordaaaaa
0.01%,2,ACORDA
0.01%,2,acho
0.01%,2,achei
0.01%,2,acabou
0.01%,2,acabei
0.01%,2,Abrapem
0.01%,2,abrapem
0.01%,2,Aberta
0.01%,2,aaaaaaaa
0.01%,2,aaaaaa
0.01%,2,Aaaaa
0.01%,2,99999
0.01%,2,982926442
0.01%,2,88888
0.01%,2,8888
0.01%,2,888
0.01%,2,8080
0.01%,2,77777
0.01%,2,777
0.01%,2,69
0.01%,2,66
0.01%,2,51
0.01%,2,42
0.01%,2,38
0.01%,2,333333
0.01%,2,20px
0.01%,2,20
0.01%,2,1998
0.01%,2,1234567890
0.01%,2,12345
0.01%,2,11222
0.01%,2,1111111
0.01%,2,111
0.01%,2,101
0.01%,2,0
0.01%,2,0
0.01%,1,Zzzzzzzzzzzzzzzzz
0.01%,1,Zzzzzzzzzzzzzzzz
0.01%,1,zzzzzzzzzzzzzzzz
0.01%,1,ZZZZZZZZZZZZZZZ
0.01%,1,zzzzzzzzzzzzxzzzxzzzsz
0.01%,1,Zzzzzzzzzzzzdd
0.01%,1,Zzzzzzzzzzz
0.01%,1,Zzzzzzzzzz
0.01%,1,ZzZZZzz
0.01%,1,Zzzzzzbzzzbzzzbzzzb
0.01%,1,ZZZZZZ
0.01%,1,Zzzzzxxxxzx
0.01%,1,Zzzzz
0.01%,1,zzzzz
0.01%,1,Zzzzassaaa
0.01%,1,ZZZZ
0.01%,1,zzzz
0.01%,1,zzz
0.01%,1,Zz
0.01%,1,zz
0.01%,1,zxz
0.01%,1,Zxxxsss
0.01%,1,zx
0.01%,1,zusnjfkgjd
0.01%,1,Zsss
0.01%,1,zpneeeew
0.01%,1,Zoios
0.01%,1,zoeira
0.01%,1,Zkzkzkzkzk
0.01%,1,Zjsksmkks
0.01%,1,Zipper
0.01%,1,zio
0.01%,1,Zica
0.01%,1,Zezim
0.01%,1,Zeus
0.01%,1,ZEN
0.01%,1,ze
0.01%,1,Zaza
0.01%,1,Zap
0.01%,1,ZAGO
0.01%,1,ZA
0.01%,1,Yyyyyyyyyyyy
0.01%,1,Yyyyyyyy
0.01%,1,yyyyyyyuu
0.01%,1,Yyyyyyy
0.01%,1,yyyytt
0.01%,1,Yy
0.01%,1,Yuyiyuyiyuyiyuyi
0.01%,1,yumi
0.01%,1,yujuuuuu
0.01%,1,Yudyiauuud
0.01%,1,Youyou
0.01%,1,YouTube
0.01%,1,youssef
0.01%,1,You
0.01%,1,Yoooooool
0.01%,1,Yoalppppp
0.01%,1,yo
0.01%,1,yma
0.01%,1,Yin
0.01%,1,yggftyhvhjjn
0.01%,1,yfchjbin
0.01%,1,yeyeye
0.01%,1,yes
0.01%,1,Yeayejayejayeja
0.01%,1,yeahhhh
0.01%,1,YeahHehehehehe
0.01%,1,Yeah
0.01%,1,yc
0.01%,1,yang
0.01%,1,YAHN
0.01%,1,yahiuuiu
0.01%,1,Yaehhhh
0.01%,1,Yaaaaa
0.01%,1,Xz
0.01%,1,Xxxxxzz
0.01%,1,xxxxxxxxxxxxxxxxxxzzzz
0.01%,1,xxxxxxxxxxxxxxxxxxxxxxxxxxxx
0.01%,1,xxxxxxxxxxxxxxxxxxxxxxxxxx
0.01%,1,xxxxxxxxxxxxxxxxxxxxxx
0.01%,1,XxxxxxxXxXXXxX
0.01%,1,xxxxxxxxxxx
0.01%,1,Xxxxxxxxxx
0.01%,1,Xxxxxxxxx
0.01%,1,Xxxxxxxx
0.01%,1,XXXXXXX
0.01%,1,Xxxxxxsxss
0.01%,1,xxxxxxoooooooooppppp
0.01%,1,Xxxxxx
0.01%,1,xxxxx
0.01%,1,Xxxxsxx
0.01%,1,xxxx
0.01%,1,xxx
0.01%,1,Xxccccccc
0.01%,1,xx
0.01%,1,xuxa
0.01%,1,XOXOTA
0.01%,1,XO
0.01%,1,xjjjs
0.01%,1,xixixixxixixixixixixixixixixi
0.01%,1,xixixixixiziz
0.01%,1,xixixixixixixixixxiixxixixixixixixi
0.01%,1,xixixixixixixixixixixixixixixixixixixixixixixixixixixixixixixi
0.01%,1,xixixixixixixixixiixixixixiix
0.01%,1,xixixixixixixix
0.01%,1,xixixixixiixixixixixixiix
0.01%,1,xixixixixicic
0.01%,1,Xixi
0.01%,1,Xiuuuu
0.01%,1,Xitao
0.01%,1,xingar
0.01%,1,xiixiixiixiixjjxjjxjxjxixjx
0.01%,1,Xi
0.01%,1,Xhzhhs
0.01%,1,XHI7FD7FUFIO7
0.01%,1,Xaxxaxxa
0.01%,1,Xaveco
0.01%,1,Xau
0.01%,1,XATIADA
0.01%,1,Xan
0.01%,1,Xamaaaaaa
0.01%,1,xadrez
0.01%,1,x1
0.01%,1,wwwwwwwwwwwwwwww
0.01%,1,wwwwwwwwwwwwww
0.01%,1,Wwwwwwwwds
0.01%,1,WWWWWWWW
0.01%,1,wwwwwwww
0.01%,1,Wwwwwwwsssss
0.01%,1,Wwwwwww
0.01%,1,Wwwwsss
0.01%,1,Wwssssssssssssssss
0.01%,1,wuh
0.01%,1,wttfdghjutghhyf
0.01%,1,Wtr
0.01%,1,Wtf
0.01%,1,Wta
0.01%,1,WRE
0.01%,1,wow
0.01%,1,woche
0.01%,1,WINX
0.01%,1,Winter
0.01%,1,winkie
0.01%,1,wilsonnmm
0.01%,1,Wilson
0.01%,1,will
0.01%,1,wifi
0.01%,1,Wi
0.01%,1,Who
0.01%,1,Whisky
0.01%,1,WHATSAPP
0.01%,1,whats
0.01%,1,Wesley
0.01%,1,weg
0.01%,1,Wdddsdzdx
0.01%,1,Wdddsd
0.01%,1,Wddds
0.01%,1,Wddd
0.01%,1,Wdd
0.01%,1,Wd
0.01%,1,wats
0.01%,1,warning
0.01%,1,wants
0.01%,1,walkman
0.01%,1,walking
0.01%,1,Wah
0.01%,1,Waaaalaaaa
0.01%,1,vyvgjbb
0.01%,1,vwnci
0.01%,1,vvvvvvvvvvvvvvvvv
0.01%,1,Vvvvvvvvvv
0.01%,1,VVVVVVVVV
0.01%,1,Vvvvvvvvv
0.01%,1,Vvvvvvvvaaaaaaaiiiiii
0.01%,1,Vvvvvvvv
0.01%,1,Vvvvvvv
0.01%,1,Vvvvbvv
0.01%,1,Vvvbv
0.01%,1,VVV
0.01%,1,Vv
0.01%,1,Vsvsvsvsvsvsvsvs
0.01%,1,vs
0.01%,1,Vrummm
0.01%,1,Vrum
0.01%,1,vrum
0.01%,1,voucher
0.01%,1,VOU
0.01%,1,Vortouuuu
0.01%,1,Vortaa
0.01%,1,VOOOOOLLTAA
0.01%,1,VOOOOLTA
0.01%,1,VOOOLLLTAAA
0.01%,1,von
0.01%,1,voltei
0.01%,1,Volteei
0.01%,1,voltaquerida
0.01%,1,Voltaaaaaa
0.01%,1,Voltaaa
0.01%,1,voltaaa
0.01%,1,voco
0.01%,1,voces
0.01%,1,Voce
0.01%,1,voce
0.01%,1,Vocal
0.01%,1,voadora
0.01%,1,voado
0.01%,1,vo
0.01%,1,Vjkhgjkvhkjvnkk
0.01%,1,Vizxxx
0.01%,1,VIYOT
0.01%,1,VIxi
0.01%,1,Vixe
0.01%,1,Vivo
0.01%,1,Viveram
0.01%,1,vivaosativistasdaunicamp
0.01%,1,viva
0.01%,1,viuva
0.01%,1,Vitaooooooooo
0.01%,1,Vitaoooo
0.01%,1,vitao
0.01%,1,VITA
0.01%,1,Vish
0.01%,1,vis
0.01%,1,virtute
0.01%,1,virgem
0.01%,1,VIREI
0.01%,1,vira
0.01%,1,vips
0.01%,1,VIOL
0.01%,1,Vinho
0.01%,1,VINGA
0.01%,1,vim
0.01%,1,Vila
0.01%,1,Viiiiixxxxxx
0.01%,1,vigias
0.01%,1,VIERAM
0.01%,1,viemos
0.01%,1,vidro
0.01%,1,videogame
0.01%,1,VIDEO
0.01%,1,Viddaaa
0.01%,1,VIDA
0.01%,1,Vida
0.01%,1,Victorkisito
0.01%,1,Viciei
0.01%,1,Vicicysudystaydsudcjccj
0.01%,1,viagem
0.01%,1,viado
0.01%,1,vhvhv
0.01%,1,Vhjkkk
0.01%,1,vezes
0.01%,1,Vertigem
0.01%,1,vers
0.01%,1,vermelho
0.01%,1,verdadeira
0.01%,1,verdade
0.01%,1,VENO
0.01%,1,Vendo
0.01%,1,vemos
0.01%,1,velhinhas
0.01%,1,vejo
0.01%,1,Veja
0.01%,1,veis
0.01%,1,vegano
0.01%,1,veeeezz
0.01%,1,ve
0.01%,1,Vdd
0.01%,1,Vcvv
0.01%,1,VCS
0.01%,1,Vcccv
0.01%,1,vcbb
0.01%,1,Vbvv
0.01%,1,Vbjkk
0.01%,1,VB
0.01%,1,Varios
0.01%,1,vao
0.01%,1,vanos
0.01%,1,Vamu
0.01%,1,vamu
0.01%,1,VAmos
0.01%,1,Vamooooo
0.01%,1,vamoooo
0.01%,1,VAMO
0.01%,1,vambora
0.01%,1,valia
0.01%,1,VALEU
0.01%,1,Valeu
0.01%,1,valeu
0.01%,1,Valendo
0.01%,1,valendo
0.01%,1,VaiPiano
0.01%,1,Vaiiiiiiiii
0.01%,1,vaiiii
0.01%,1,Vaii
0.01%,1,Vagaranha
0.01%,1,vadia
0.01%,1,vaca
0.01%,1,Vaaai
0.01%,1,Vaaaaiiiiiii
0.01%,1,VAAAAI
0.01%,1,Vaaaai
0.01%,1,vaaaaai
0.01%,1,Vaaaaaai
0.01%,1,Va
0.01%,1,va
0.01%,1,Uxyxusududkxtsucyxduxyfudkdyduakch
0.01%,1,uxyssusysusyshxhzhsys
0.01%,1,uxycycufiv
0.01%,1,Uvdghibbf
0.01%,1,uvaa
0.01%,1,uuuyayauayua
0.01%,1,Uuuuuuuuyyyyuyyyy
0.01%,1,uuuuuuuuuuuuuuuuuuuuuuuuuuuuuu
0.01%,1,uuuuuuuuuuuuuuuuuuuu
0.01%,1,uuuuuuuuuuuuuuuu
0.01%,1,UUUUUUUUUUU
0.01%,1,UUUUUUUUUU
0.01%,1,Uuuuuuuuuu
0.01%,1,UUUUUUUUU
0.01%,1,uuuuuuuu
0.01%,1,Uuuuu
0.01%,1,uuuuu
0.01%,1,UUUU
0.01%,1,Uuuiuu
0.01%,1,Uuuhuuu
0.01%,1,uuu
0.01%,1,uuiiuuu
0.01%,1,Uuhhhhuuuuu
0.01%,1,Uudyf
0.01%,1,UU
0.01%,1,usu
0.01%,1,usted
0.01%,1,uso
0.01%,1,use
0.01%,1,usar
0.01%,1,usando
0.01%,1,Urubu
0.01%,1,Uoptyudfj
0.01%,1,Uooo
0.01%,1,Uoll
0.01%,1,UOL
0.01%,1,uol
0.01%,1,unicamp
0.01%,1,UNDERER
0.01%,1,ullum
0.01%,1,ujfrugef
0.01%,1,uiuiuiuiuuuiuuuuuuuu
0.01%,1,Uiuiu
0.01%,1,Uip
0.01%,1,Uiiiii
0.01%,1,UI
0.01%,1,Ui
0.01%,1,Uhuuuuuuuuuuuuuuuuuuuuuuuuuuuuuuuuuuuuu
0.01%,1,Uhuuuuu
0.01%,1,Uhuuuu
0.01%,1,uhuuuu
0.01%,1,uhuuu
0.01%,1,Uhuu
0.01%,1,Uhul
0.01%,1,Uhuhuhuhu
0.01%,1,Uhuhu
0.01%,1,Uhu
0.01%,1,Uhhullll
0.01%,1,Uhhul
0.01%,1,Uh
0.01%,1,uh
0.01%,1,Ufudidtzifufidif
0.01%,1,Uffa
0.01%,1,Ueueieueu
0.01%,1,Uduus
0.01%,1,Udjjdhbd
0.01%,1,Udidus
0.01%,1,Uauhus
0.01%,1,Uaiiqiqiq
0.01%,1,uahsuahsjdkfpgpfkrkendkfofkrkekd
0.01%,1,uahshahsyahshshshagshagshs
0.01%,1,uahhh
0.01%,1,U2
0.01%,1,Tyt
0.01%,1,Txhcuxuxuc
0.01%,1,two
0.01%,1,twmee
0.01%,1,Twitter
0.01%,1,twitter
0.01%,1,Twitch
0.01%,1,twin
0.01%,1,TWD
0.01%,1,tututa
0.01%,1,tuta
0.01%,1,tus
0.01%,1,turuturuturuturu
0.01%,1,turma
0.01%,1,tuntatuntatun
0.01%,1,Tunta
0.01%,1,Tunks
0.01%,1,tun
0.01%,1,tumt
0.01%,1,tumens
0.01%,1,TUDY
0.01%,1,tudodibaum
0.01%,1,Ttttytt
0.01%,1,tttttutnt
0.01%,1,tttttttttttttttttt
0.01%,1,TTTTTTTTTTTTTTTT
0.01%,1,Tttttttttttttttt
0.01%,1,ttttttttttsssssssyttttttttsssssss
0.01%,1,Tttttttttt
0.01%,1,Ttttttttt
0.01%,1,TTTTTTTT
0.01%,1,TTTTTT
0.01%,1,TTTtTt
0.01%,1,TTTTTRRRRRRR
0.01%,1,TtTt
0.01%,1,tttt
0.01%,1,Ttt
0.01%,1,ttsttstts
0.01%,1,Ttstststststs
0.01%,1,ttssttstssttsststststststst
0.01%,1,tto
0.01%,1,Tt
0.01%,1,tststststszttststztzts
0.01%,1,tstststststztztztzzttssttstsststststststststztztzt
0.01%,1,tststststststststztstztstsztstst
0.01%,1,TSTSTSTSTSTSTSTSTSTSTZTZTZTZTZTZTZTZTZTZTZTZ
0.01%,1,tststststststststststststtstststts
0.01%,1,tstststststststststststst
0.01%,1,Tstststststststs
0.01%,1,Tstststs
0.01%,1,tssstss
0.01%,1,tssss
0.01%,1,Trynotdoordonotthereisnotry
0.01%,1,Truuuuuco
0.01%,1,TRUMP
0.01%,1,Trucoo
0.01%,1,TRUCO
0.01%,1,truck
0.01%,1,Trtrtrtrtrr
0.01%,1,Trrrtrrrtrrrtrrrtrrr
0.01%,1,Trr
0.01%,1,tropicsl
0.01%,1,tropicalista
0.01%,1,Tropical
0.01%,1,Tron
0.01%,1,Trompete
0.01%,1,trolando
0.01%,1,tro
0.01%,1,tristes
0.01%,1,triplex
0.01%,1,trilha
0.01%,1,trigo
0.01%,1,tricolor
0.01%,1,TRETAAAAA
0.01%,1,tresss
0.01%,1,tremolo
0.01%,1,tremolada
0.01%,1,tremer
0.01%,1,TRAZ
0.01%,1,TRAVOU
0.01%,1,Travou
0.01%,1,travou
0.01%,1,TRAVANDO
0.01%,1,Trav
0.01%,1,traquilo
0.01%,1,TRAPEZIO
0.01%,1,Transposi
0.01%,1,Tranquis
0.01%,1,Trance
0.01%,1,trancado
0.01%,1,trampar
0.01%,1,traiu
0.01%,1,trai
0.01%,1,trabalhar
0.01%,1,touch
0.01%,1,TOTORO
0.01%,1,Total
0.01%,1,torcedor
0.01%,1,tor
0.01%,1,Toppp
0.01%,1,topper
0.01%,1,Topere
0.01%,1,Topeer
0.01%,1,topa
0.01%,1,TOOP
0.01%,1,Tools
0.01%,1,tools
0.01%,1,Too
0.01%,1,tons
0.01%,1,Toni
0.01%,1,TONH
0.01%,1,Tommy
0.01%,1,tombar
0.01%,1,Tomada
0.01%,1,Toma
0.01%,1,toit
0.01%,1,TODOS
0.01%,1,Todos
0.01%,1,todoooo
0.01%,1,Todo
0.01%,1,today
0.01%,1,todas
0.01%,1,Tocando
0.01%,1,TOCA
0.01%,1,TO
0.01%,1,titi
0.01%,1,tis
0.01%,1,tirulililu
0.01%,1,TIRO
0.01%,1,tiro
0.01%,1,tirem
0.01%,1,tiraaaaa
0.01%,1,tiraaaa
0.01%,1,TIRA
0.01%,1,tin
0.01%,1,TIMAO
0.01%,1,Timao
0.01%,1,tima
0.01%,1,tiisss
0.01%,1,tigres
0.01%,1,TICOS
0.01%,1,ticos
0.01%,1,Tico
0.01%,1,tico
0.01%,1,TICA
0.01%,1,Tia
0.01%,1,tia
0.01%,1,THSFOD
0.01%,1,thrones
0.01%,1,this
0.01%,1,thinkie
0.01%,1,Thifanny
0.01%,1,THIAGO
0.01%,1,thiagao
0.01%,1,THE
0.01%,1,That
0.01%,1,THAIS
0.01%,1,Texto
0.01%,1,text
0.01%,1,Texpix
0.01%,1,Texo
0.01%,1,teus
0.01%,1,TEUNIDOS
0.01%,1,teunidos
0.01%,1,Teu
0.01%,1,teto
0.01%,1,tetas
0.01%,1,testemunhas
0.01%,1,testando
0.01%,1,tese
0.01%,1,terraqueos
0.01%,1,terra
0.01%,1,teresinha
0.01%,1,terceiro
0.01%,1,terceirizado
0.01%,1,terceira
0.01%,1,TER
0.01%,1,Tentendonady
0.01%,1,tentando
0.01%,1,teno
0.01%,1,Tenho
0.01%,1,tende
0.01%,1,tempos
0.01%,1,temporada
0.01%,1,temerosos
0.01%,1,temeroso
0.01%,1,TEM
0.01%,1,Telemarketing
0.01%,1,Telegram
0.01%,1,TELA
0.01%,1,Teia
0.01%,1,teeeeeeempo
0.01%,1,teebou
0.01%,1,Tecotelecoteco
0.01%,1,Teclo
0.01%,1,teclado
0.01%,1,tecla
0.01%,1,Td
0.01%,1,Tchutchuca
0.01%,1,tchuplin
0.01%,1,Tchuplek
0.01%,1,Tchetchetchere
0.01%,1,Tchetchebare
0.01%,1,TCHAU
0.01%,1,tchau
0.01%,1,tchananaaa
0.01%,1,Tchanana
0.01%,1,Tchanan
0.01%,1,TCHAN
0.01%,1,Tchan
0.01%,1,Tcha
0.01%,1,TCC
0.01%,1,tcc
0.01%,1,Tc
0.01%,1,tatuagem
0.01%,1,tatu
0.01%,1,tation
0.01%,1,tatatatatatatatTTTTT
0.01%,1,tatatatatatatatat
0.01%,1,Tatatatata
0.01%,1,tata
0.01%,1,Tapioca
0.01%,1,Tao
0.01%,1,tanto
0.01%,1,tang
0.01%,1,Tamos
0.01%,1,tamo
0.01%,1,tamburim
0.01%,1,Tambor
0.01%,1,TAMBEM
0.01%,1,tambem
0.01%,1,TAMB
0.01%,1,Takatakataka
0.01%,1,Taka
0.01%,1,tainha
0.01%,1,tacet
0.01%,1,taa
0.01%,1,Sz
0.01%,1,Suzuki
0.01%,1,suzinha
0.01%,1,Suuhhhx
0.01%,1,Susyenino
0.01%,1,Susjjhe
0.01%,1,sur
0.01%,1,supla
0.01%,1,supernatural
0.01%,1,SUPER
0.01%,1,Super
0.01%,1,sup
0.01%,1,sumo
0.01%,1,sumida
0.01%,1,Sududueificududyeudududuxudid
0.01%,1,Suco
0.01%,1,sucessooll
0.01%,1,Sucesso
0.01%,1,subduction
0.01%,1,suas
0.01%,1,SUA
0.01%,1,Sua
0.01%,1,STROGONOFF
0.01%,1,STOPSTOPSTOPSTOP
0.01%,1,STOP
0.01%,1,Stop
0.01%,1,STJ
0.01%,1,stico
0.01%,1,Stefhany
0.01%,1,Stef
0.01%,1,starwars
0.01%,1,Startac
0.01%,1,STARK
0.01%,1,Stairway
0.01%,1,Stahp
0.01%,1,ssssssssssssssssssssssssssss
0.01%,1,ssssssssssssss
0.01%,1,Ssssssssss
0.01%,1,ssssssssss
0.01%,1,Sssssssss
0.01%,1,Ssssss
0.01%,1,ssssss
0.01%,1,Ssssddrdreeeeeeee
0.01%,1,ssss
0.01%,1,Sssahhid
0.01%,1,ssimo
0.01%,1,ssica
0.01%,1,Ss
0.01%,1,squared
0.01%,1,Sqn
0.01%,1,sqn
0.01%,1,spotted
0.01%,1,sport
0.01%,1,Spoiler
0.01%,1,spoiler
0.01%,1,spider
0.01%,1,spam
0.01%,1,sozinha
0.01%,1,sounds
0.01%,1,sorriso
0.01%,1,sorrindo
0.01%,1,Sorria
0.01%,1,SONS
0.01%,1,sono
0.01%,1,sommmmmmm
0.01%,1,Sommm
0.01%,1,SomHsjsjsja
0.01%,1,Some
0.01%,1,some
0.01%,1,SOMBRA
0.01%,1,solu
0.01%,1,solto
0.01%,1,Solteira
0.01%,1,Soltaaaa
0.01%,1,SOLO
0.01%,1,solo
0.01%,1,Sollllllllll
0.01%,1,solicita
0.01%,1,Solaris
0.01%,1,soft
0.01%,1,Socorro
0.01%,1,social
0.01%,1,Soca
0.01%,1,SOBRE
0.01%,1,sobre
0.01%,1,sobe
0.01%,1,Smith
0.01%,1,slanfbfoc
0.01%,1,Skwkksksi
0.01%,1,Skwjwjjenne
0.01%,1,skrillex
0.01%,1,Sjw
0.01%,1,Sjskjskkskd
0.01%,1,Sjsjsjsjsm
0.01%,1,Sjsjsj
0.01%,1,sjsjshshshshshshshd
0.01%,1,Sjjsjjsksjjsjs
0.01%,1,SJHS8UHD
0.01%,1,Sjgird
0.01%,1,SJFUSDJ
0.01%,1,site
0.01%,1,Sit
0.01%,1,Sisisjs
0.01%,1,sintese
0.01%,1,sinistra
0.01%,1,sinceridade
0.01%,1,Sin
0.01%,1,Simpson
0.01%,1,Simples
0.01%,1,simpes
0.01%,1,Simmmm
0.01%,1,simmm
0.01%,1,SIM
0.01%,1,silviooo
0.01%,1,Silencio
0.01%,1,siiiim
0.01%,1,Sieete
0.01%,1,Shshshshshshs
0.01%,1,Shs
0.01%,1,Showww
0.01%,1,shot
0.01%,1,Shippo
0.01%,1,Shiiiiiiiii
0.01%,1,SHI
0.01%,1,Shhhh
0.01%,1,Shhh
0.01%,1,SHFJFDLS
0.01%,1,shestakov
0.01%,1,Shakbsjsm
0.01%,1,Shahahaha
0.01%,1,shack
0.01%,1,Sh
0.01%,1,sfgghhjjuffgytfd
0.01%,1,sexy
0.01%,1,sexo
0.01%,1,seul
0.01%,1,Seu
0.01%,1,SERIO
0.01%,1,Serio
0.01%,1,Sera
0.01%,1,SER
0.01%,1,sentir
0.01%,1,sentido
0.01%,1,Sente
0.01%,1,sentaram
0.01%,1,sentar
0.01%,1,SENSA
0.01%,1,SENHORA
0.01%,1,Senhor
0.01%,1,senha
0.01%,1,sendo
0.01%,1,Semoiticidade
0.01%,1,Semioticamente
0.01%,1,seminima
0.01%,1,Semin
0.01%,1,SEM
0.01%,1,Seloko
0.01%,1,seis
0.01%,1,sehr
0.01%,1,segunda
0.01%,1,SEGUE
0.01%,1,securaaaaaa
0.01%,1,secura
0.01%,1,SECSU
0.01%,1,sdgsdgdgsg
0.01%,1,sdghsda
0.01%,1,sdfasfgdfg
0.01%,1,school
0.01%,1,sb
0.01%,1,saude
0.01%,1,Saudades
0.01%,1,saudades
0.01%,1,saudade
0.01%,1,SARU
0.01%,1,SANTOS
0.01%,1,Santo
0.01%,1,santo
0.01%,1,sangsung
0.01%,1,sang
0.01%,1,SAMPLEY
0.01%,1,sampleados
0.01%,1,Sample
0.01%,1,Sampa
0.01%,1,sampa
0.01%,1,sammuels
0.01%,1,Salvador
0.01%,1,salva
0.01%,1,salgado
0.01%,1,Salatao
0.01%,1,Salata
0.01%,1,salario
0.01%,1,Sala
0.01%,1,Saiu
0.01%,1,saira
0.01%,1,saindo
0.01%,1,Saibam
0.01%,1,Saiam
0.01%,1,saia
0.01%,1,SAHSY
0.01%,1,Safada
0.01%,1,safada
0.01%,1,SACO
0.01%,1,sacanagem
0.01%,1,Sabres
0.01%,1,SABER
0.01%,1,saber
0.01%,1,sab
0.01%,1,sA
0.01%,1,ryjbsdh
0.01%,1,rus
0.01%,1,run
0.01%,1,RUIM
0.01%,1,Ruido
0.01%,1,ruela
0.01%,1,RU
0.01%,1,Ru
0.01%,1,ru
0.01%,1,RT
0.01%,1,rt
0.01%,1,Rsrsrsrs
0.01%,1,RSCROTOOOO
0.01%,1,Rs
0.01%,1,Rrrrrrrrrrrrrrrrrrrrrr
0.01%,1,Rrrrrrrrrrrrrrrr
0.01%,1,rrrrrrrrrrrrrrrr
0.01%,1,Rrrrrrrrrr
0.01%,1,rrrrrrrrrr
0.01%,1,RRRRRRR
0.01%,1,Rrrrrrr
0.01%,1,Rrrr
0.01%,1,Rrr4rrrr
0.01%,1,Rrr
0.01%,1,Rrfrf
0.01%,1,rreas
0.01%,1,Rre
0.01%,1,roxo
0.01%,1,roupa
0.01%,1,rosxa
0.01%,1,Rosca
0.01%,1,Rop
0.01%,1,rooooobocop
0.01%,1,room
0.01%,1,Ronqui
0.01%,1,Ronaldo
0.01%,1,romance
0.01%,1,Roma
0.01%,1,rolex
0.01%,1,role
0.01%,1,ROLA
0.01%,1,roeu
0.01%,1,rodrigo
0.01%,1,rodolfo
0.01%,1,rodizio
0.01%,1,RODA
0.01%,1,Roda
0.01%,1,roda
0.01%,1,rod
0.01%,1,ROCKISTA
0.01%,1,ROCK
0.01%,1,robsin
0.01%,1,robinho
0.01%,1,robertocarlos
0.01%,1,ROAR
0.01%,1,Ro
0.01%,1,Ritmo
0.01%,1,Risco
0.01%,1,rip
0.01%,1,Rio
0.01%,1,rie
0.01%,1,rico
0.01%,1,Ricca
0.01%,1,rica
0.01%,1,rias
0.01%,1,Ri
0.01%,1,rgio
0.01%,1,rf
0.01%,1,rexital
0.01%,1,Revolution
0.01%,1,revolu
0.01%,1,revoltados
0.01%,1,Reverbera
0.01%,1,Return
0.01%,1,RESTO
0.01%,1,resto
0.01%,1,restart
0.01%,1,resson
0.01%,1,resolver
0.01%,1,representa
0.01%,1,repete
0.01%,1,reparou
0.01%,1,renal
0.01%,1,Remix
0.01%,1,remedio
0.01%,1,relou
0.01%,1,REITORIA
0.01%,1,Regina
0.01%,1,refris
0.01%,1,refri
0.01%,1,refluxo
0.01%,1,Redimi
0.01%,1,reclamar
0.01%,1,RECITAL
0.01%,1,receptividade
0.01%,1,rebro
0.01%,1,reapondeu
0.01%,1,real
0.01%,1,rdia
0.01%,1,RAUL
0.01%,1,Rau
0.01%,1,rato
0.01%,1,rarrarararararararararararararararar
0.01%,1,Rararararara
0.01%,1,raposinha
0.01%,1,raposa
0.01%,1,rapidos
0.01%,1,rapidinho
0.01%,1,RAPAZIADA
0.01%,1,rapaziada
0.01%,1,rapaziaaadaaaa
0.01%,1,rapaz
0.01%,1,rapadura
0.01%,1,Raoaziaaaaaaaada
0.01%,1,rancho
0.01%,1,ranch
0.01%,1,Ramos
0.01%,1,ram
0.01%,1,raio
0.01%,1,racionais
0.01%,1,Rachel
0.01%,1,Rabet
0.01%,1,rabet
0.01%,1,qwwwqwwwqwwwqwwwqwww
0.01%,1,quot
0.01%,1,quo
0.01%,1,quito
0.01%,1,quiserem
0.01%,1,quiser
0.01%,1,QUIMICA
0.01%,1,quest
0.01%,1,Querty
0.01%,1,Querooo
0.01%,1,QUERONDINHEIRO
0.01%,1,querobmais
0.01%,1,querid
0.01%,1,QUERIA
0.01%,1,queria
0.01%,1,QUEREMOS
0.01%,1,Queremos
0.01%,1,Querem
0.01%,1,querem
0.01%,1,Quer
0.01%,1,quente
0.01%,1,QUEM
0.01%,1,Queira
0.01%,1,QUEIJO
0.01%,1,Queeeeeee
0.01%,1,quebrou
0.01%,1,quatros
0.01%,1,quase
0.01%,1,quarro
0.01%,1,quaquaquaquaqua
0.01%,1,Quantos
0.01%,1,quanta
0.01%,1,QUANDO
0.01%,1,qualire
0.01%,1,qualifica
0.01%,1,quais
0.01%,1,QU
0.01%,1,Qu
0.01%,1,Qro
0.01%,1,qro
0.01%,1,qria
0.01%,1,qr
0.01%,1,qqqqqqqqqqqqquuuuuuuuqqqqqq
0.01%,1,qqqqqqqqqqqqqqq
0.01%,1,qqqqqqqqqqqaaaaqaaaaaa
0.01%,1,qqqqqqqqqq
0.01%,1,Qqqqqqqqq
0.01%,1,Qqqqqqqq1qqqqqqqqq
0.01%,1,Qqqqqqq
0.01%,1,qierooooo
0.01%,1,Q1234567890
0.01%,1,Puxa
0.01%,1,puxa
0.01%,1,Putz
0.01%,1,putz
0.01%,1,PUTS
0.01%,1,Putacatspitscats
0.01%,1,puta
0.01%,1,pum
0.01%,1,Pula
0.01%,1,PU
0.01%,1,Ptttt
0.01%,1,pspp
0.01%,1,Pseudoplatystoma
0.01%,1,Ps
0.01%,1,PRSSOAL
0.01%,1,Prquenuna
0.01%,1,Prova
0.01%,1,prostituindo
0.01%,1,PROJETO
0.01%,1,projeto
0.01%,1,projecao
0.01%,1,prog
0.01%,1,PROFESSOR
0.01%,1,professor
0.01%,1,produtos
0.01%,1,Procurei
0.01%,1,probleminha
0.01%,1,problemas
0.01%,1,Problema
0.01%,1,Privilejiooos
0.01%,1,PRINCESA
0.01%,1,princesa
0.01%,1,princeane
0.01%,1,Primeiro
0.01%,1,Primeiramente
0.01%,1,primeiramente
0.01%,1,prime
0.01%,1,pria
0.01%,1,PRFO
0.01%,1,preto
0.01%,1,Presilha
0.01%,1,presilha
0.01%,1,presidenta
0.01%,1,prepatas
0.01%,1,pregar
0.01%,1,Preferia
0.01%,1,PREFERE
0.01%,1,Precisa
0.01%,1,pre
0.01%,1,Prazer
0.01%,1,pratos
0.01%,1,Prarararararatatatatatatatatatata
0.01%,1,praia
0.01%,1,prai
0.01%,1,Praca
0.01%,1,ppr
0.01%,1,PPPPPPPPPPPPPPPPPPPPPPPPPPPPPPPPPPPPPPPPPPPPPPPPPPPPPPPPPPPPPPPPPPPPPPPPPPPPPPPPPPPPPPPPPPPPPPPPPPPPPPPPPPPPPPPPPPPPPPPPPPPPPPPPPPPPPPPPPPPP
0.01%,1,pppppppppppppppppp
0.01%,1,ppppppppppppppppp
0.01%,1,PPPPPPPPPPPPPPPP
0.01%,1,PPPPPPPPPPPP
0.01%,1,PPPPPPPPPPP
0.01%,1,ppppppppppooooooo
0.01%,1,PPPPPPP
0.01%,1,Ppppppp
0.01%,1,PPPPPP
0.01%,1,Ppppp
0.01%,1,pppp
0.01%,1,PPP
0.01%,1,Ppp
0.01%,1,Ppljhrexvngkkjfgnyrwgjolmcscnmhfh
0.01%,1,ppk
0.01%,1,Pphhh
0.01%,1,Ppapapapapapapapa
0.01%,1,povo
0.01%,1,poucas
0.01%,1,POTTER
0.01%,1,Potencia
0.01%,1,postura
0.01%,1,possivel
0.01%,1,positivo
0.01%,1,PORTUGU
0.01%,1,PORTAL
0.01%,1,porta
0.01%,1,PORRADA
0.01%,1,porrada
0.01%,1,porquinho
0.01%,1,Porque
0.01%,1,porque
0.01%,1,porfa
0.01%,1,porco
0.01%,1,porcada
0.01%,1,Popo
0.01%,1,Popeye
0.01%,1,Pop
0.01%,1,polvo
0.01%,1,Polppolppolppolppolppolpolp
0.01%,1,politcs
0.01%,1,policia
0.01%,1,pol
0.01%,1,Pois
0.01%,1,poioi
0.01%,1,poeta
0.01%,1,Podia
0.01%,1,podia
0.01%,1,podi
0.01%,1,Poderia
0.01%,1,podemos
0.01%,1,poca
0.01%,1,pobre
0.01%,1,PO
0.01%,1,pmdb
0.01%,1,PM
0.01%,1,pleaseeeee
0.01%,1,PLEASE
0.01%,1,please
0.01%,1,Plavtas
0.01%,1,plateiasss
0.01%,1,plastico
0.01%,1,PLACER
0.01%,1,PkJgUJJGUUHJHahUYYHh
0.01%,1,Pj
0.01%,1,pizzas
0.01%,1,Pizzaria
0.01%,1,Pizzaaaaaaaa
0.01%,1,Pizza
0.01%,1,Pizasa
0.01%,1,Pit
0.01%,1,piro
0.01%,1,pirikiitooo
0.01%,1,Pirapirapirou
0.01%,1,pirante
0.01%,1,PIRANHA
0.01%,1,pirando
0.01%,1,pirada
0.01%,1,Pira
0.01%,1,pira
0.01%,1,Pipipipi
0.01%,1,piper
0.01%,1,pipe
0.01%,1,Pior
0.01%,1,pinao
0.01%,1,pimba
0.01%,1,Piiiiiu
0.01%,1,pig
0.01%,1,PIDO
0.01%,1,Picuca
0.01%,1,piada
0.01%,1,PI
0.01%,1,pessoas
0.01%,1,Pessoal
0.01%,1,Peso
0.01%,1,pesadezima
0.01%,1,Pesad
0.01%,1,pertin
0.01%,1,permanente
0.01%,1,periferia
0.01%,1,PERFIL
0.01%,1,perfeito
0.01%,1,perfeita
0.01%,1,perdoado
0.01%,1,perdeu
0.01%,1,percussao
0.01%,1,percuss
0.01%,1,perco
0.01%,1,Pequenina
0.01%,1,Peppa
0.01%,1,people
0.01%,1,PENSAR
0.01%,1,pensando
0.01%,1,Pena
0.01%,1,PELO
0.01%,1,pelego
0.01%,1,pele
0.01%,1,Pel
0.01%,1,peixe
0.01%,1,peido
0.01%,1,Peid
0.01%,1,pegou
0.01%,1,pegaramminhamarmita
0.01%,1,pegaram
0.01%,1,Pedro
0.01%,1,pediei
0.01%,1,Pedala
0.01%,1,pedais
0.01%,1,peasado
0.01%,1,peaks
0.01%,1,PE
0.01%,1,Pe
0.01%,1,pe
0.01%,1,PDS
0.01%,1,Paz
0.01%,1,paz
0.01%,1,Pav
0.01%,1,Pausa
0.01%,1,Paulus
0.01%,1,PAUL
0.01%,1,Patati
0.01%,1,patata
0.01%,1,passou
0.01%,1,passarinho
0.01%,1,passaram
0.01%,1,Passada
0.01%,1,pas
0.01%,1,Partiuuuuu
0.01%,1,parte
0.01%,1,Parou
0.01%,1,Parei
0.01%,1,paredeveragloboquepassa
0.01%,1,parece
0.01%,1,pareado
0.01%,1,PARE
0.01%,1,Pare
0.01%,1,parati
0.01%,1,parar
0.01%,1,Parapapapapapapap
0.01%,1,Parapapapa
0.01%,1,param
0.01%,1,paralise
0.01%,1,PARAIBA
0.01%,1,Paraguaio
0.01%,1,Paraguai
0.01%,1,PARABENS
0.01%,1,PARAB
0.01%,1,parab
0.01%,1,paraaaaaaaaa
0.01%,1,PAQUERAR
0.01%,1,PapPPPpPPPppapapPPapa
0.01%,1,PappapapapappPPapapPPappapapapapappappapa
0.01%,1,papo
0.01%,1,Papapapapapa
0.01%,1,PaPapaPa
0.01%,1,Papapapa
0.01%,1,Papapap
0.01%,1,PAPAPa
0.01%,1,PaPaPa
0.01%,1,papapa
0.01%,1,paodekejonocafe
0.01%,1,PAO
0.01%,1,panoes
0.01%,1,pancada
0.01%,1,pancad
0.01%,1,Pan
0.01%,1,palmitoooooo
0.01%,1,Palmito
0.01%,1,palmito
0.01%,1,palma
0.01%,1,Palha
0.01%,1,Palavra
0.01%,1,Paladar
0.01%,1,pal
0.01%,1,pakume
0.01%,1,Paix
0.01%,1,pague
0.01%,1,pago
0.01%,1,pagamento
0.01%,1,padding
0.01%,1,pacom
0.01%,1,PABLO
0.01%,1,Paara
0.01%,1,paaahh
0.01%,1,PAAAAAA
0.01%,1,PAAAAA
0.01%,1,p3
0.01%,1,OVO
0.01%,1,ovo
0.01%,1,ouvindo
0.01%,1,ouvido
0.01%,1,Ouuhhh
0.01%,1,outch
0.01%,1,out
0.01%,1,oui
0.01%,1,Ouhhh
0.01%,1,Otimista
0.01%,1,osso
0.01%,1,Osommaisfreestyleanhembimorumbi
0.01%,1,Osmanoasminainstrumentalfuullll
0.01%,1,Orquestra
0.01%,1,orkut
0.01%,1,orgao
0.01%,1,organizar
0.01%,1,Organiza
0.01%,1,orde
0.01%,1,oque
0.01%,1,Ops
0.01%,1,Oppaaaa
0.01%,1,oposi
0.01%,1,oportunidade
0.01%,1,Opooo
0.01%,1,Opoo
0.01%,1,opini
0.01%,1,Opah
0.01%,1,Opaaaaaaaa
0.01%,1,opa
0.01%,1,Op
0.01%,1,op
0.01%,1,ooopppppo
0.01%,1,Ooooooooooppppop
0.01%,1,ooooooooooooooooooooooooooo
0.01%,1,Ooooooooooooo
0.01%,1,Ooooooooooo
0.01%,1,Ooooooooajj
0.01%,1,Ooooooo
0.01%,1,Oooooh
0.01%,1,ooooo
0.01%,1,Oooo
0.01%,1,Oooh
0.01%,1,ontem
0.01%,1,only
0.01%,1,One
0.01%,1,ondas
0.01%,1,On
0.01%,1,Oministerio
0.01%,1,omegle
0.01%,1,OMBRU
0.01%,1,olho
0.01%,1,olhei
0.01%,1,old
0.01%,1,Olarrrrr
0.01%,1,Olarrrr
0.01%,1,Olarrr
0.01%,1,olar
0.01%,1,olaaarrrr
0.01%,1,OLA
0.01%,1,ol
0.01%,1,Oiu
0.01%,1,oio
0.01%,1,Oiii
0.01%,1,Oiie
0.01%,1,Oii
0.01%,1,oihggjlh
0.01%,1,oies
0.01%,1,Oia
0.01%,1,ohxifzjfrjfJfjdU
0.01%,1,OHOHOHOHHHH
0.01%,1,ohhhhj
0.01%,1,Ohhhh
0.01%,1,Ohh
0.01%,1,OH
0.01%,1,ogg
0.01%,1,Odysseus
0.01%,1,od
0.01%,1,OCUPAR
0.01%,1,ocorr
0.01%,1,oco
0.01%,1,obst
0.01%,1,observo
0.01%,1,Obrigado
0.01%,1,obrigado
0.01%,1,obra
0.01%,1,oannnnn
0.01%,1,O8iii
0.01%,1,NYEHEHHE
0.01%,1,NuSom
0.01%,1,Nunca
0.01%,1,nulla
0.01%,1,nuds
0.01%,1,NUDES
0.01%,1,Nudes
0.01%,1,nudes
0.01%,1,NU
0.01%,1,nu
0.01%,1,ntano
0.01%,1,Nsknz
0.01%,1,NS
0.01%,1,Nrjxjskenfvjs
0.01%,1,Nrjfkro
0.01%,1,NOW
0.01%,1,Now
0.01%,1,Novinhaaaaa
0.01%,1,novinha
0.01%,1,novembro
0.01%,1,NOVAMENTE
0.01%,1,Novamente
0.01%,1,Noturna
0.01%,1,Noticia
0.01%,1,Notas
0.01%,1,Nota
0.01%,1,Nossssaaaaaa
0.01%,1,NOSSAS
0.01%,1,nossas
0.01%,1,Norris
0.01%,1,Noosa
0.01%,1,NOMMMGF
0.01%,1,Nome
0.01%,1,nombre
0.01%,1,NOIZZE
0.01%,1,Noiz
0.01%,1,noiz
0.01%,1,noissss
0.01%,1,NOIM
0.01%,1,noies
0.01%,1,Nnn
0.01%,1,nkkk
0.01%,1,nisso
0.01%,1,nipo
0.01%,1,nios
0.01%,1,NIO
0.01%,1,Ningu
0.01%,1,Niane
0.01%,1,Nhanha
0.01%,1,nhabaudvajzbsjs
0.01%,1,Ngfshkb
0.01%,1,news
0.01%,1,never
0.01%,1,neur
0.01%,1,NET
0.01%,1,neste
0.01%,1,NESSE
0.01%,1,nesse
0.01%,1,Nessa
0.01%,1,nessa
0.01%,1,nervoso
0.01%,1,nerds
0.01%,1,nerd
0.01%,1,nenhuma
0.01%,1,Nen
0.01%,1,neles
0.01%,1,NELAA
0.01%,1,NELA
0.01%,1,nein
0.01%,1,negros
0.01%,1,negando
0.01%,1,necessito
0.01%,1,NCIAAAA
0.01%,1,NCIA
0.01%,1,ncer
0.01%,1,NC
0.01%,1,naum
0.01%,1,nasvei
0.01%,1,Naruto
0.01%,1,Naquele
0.01%,1,Nanananana
0.01%,1,namorar
0.01%,1,NADO
0.01%,1,nacional
0.01%,1,naaaao
0.01%,1,naaaaao
0.01%,1,naaaaaaaakd
0.01%,1,muuuusica
0.01%,1,MUUITO
0.01%,1,musikian
0.01%,1,Musika
0.01%,1,Musical
0.01%,1,musicais
0.01%,1,Musica
0.01%,1,music
0.01%,1,Musi
0.01%,1,mulheres
0.01%,1,Mulher
0.01%,1,muitotop
0.01%,1,Muitos
0.01%,1,muitos
0.01%,1,Mui
0.01%,1,muay
0.01%,1,mtv
0.01%,1,Mt
0.01%,1,mt
0.01%,1,msm
0.01%,1,MS
0.01%,1,Mru
0.01%,1,mru
0.01%,1,Mquem
0.01%,1,MPFIBP
0.01%,1,Mp
0.01%,1,mozart
0.01%,1,motoca
0.01%,1,motoboy
0.01%,1,moto
0.01%,1,MOSTRA
0.01%,1,mosh
0.01%,1,morta
0.01%,1,morro
0.01%,1,Morri
0.01%,1,Morena
0.01%,1,Moonwalker
0.01%,1,monte
0.01%,1,Monstro
0.01%,1,monstro
0.01%,1,Monitores
0.01%,1,Money
0.01%,1,moneey
0.01%,1,Momentis
0.01%,1,Molina
0.01%,1,mojomonpninobbuv
0.01%,1,moito
0.01%,1,modernos
0.01%,1,mocoto
0.01%,1,mocinha
0.01%,1,moca
0.01%,1,Moacy
0.01%,1,mo
0.01%,1,mnmnmnmnmnmn
0.01%,1,mnmnmnmnmnmmnmnmnn
0.01%,1,MNAOM
0.01%,1,mmmmmnnnnnnnnnn
0.01%,1,Mmmmmmmmmmmmmmm
0.01%,1,Mmmmmmmmmmmm
0.01%,1,Mmmmmmmmasssa
0.01%,1,MMMMMMMM
0.01%,1,mmmm
0.01%,1,mmm
0.01%,1,mmas
0.01%,1,MK
0.01%,1,MITO
0.01%,1,Mito
0.01%,1,MISSION
0.01%,1,Mission
0.01%,1,miseric
0.01%,1,Miranda
0.01%,1,Miou
0.01%,1,mio
0.01%,1,Minas
0.01%,1,MINAGE
0.01%,1,Mina
0.01%,1,mimm
0.01%,1,Mimjmim
0.01%,1,Mim
0.01%,1,miliaooo
0.01%,1,milhos
0.01%,1,milhaooo
0.01%,1,milh
0.01%,1,migaaaaa
0.01%,1,Migaaa
0.01%,1,Miga
0.01%,1,midooo
0.01%,1,MIDIA
0.01%,1,michael
0.01%,1,mich
0.01%,1,MICA
0.01%,1,mica
0.01%,1,Miau
0.01%,1,mia
0.01%,1,Mi
0.01%,1,mi
0.01%,1,Mexe
0.01%,1,mexe
0.01%,1,Meus
0.01%,1,METRALHADORA
0.01%,1,Metal
0.01%,1,Metaisss
0.01%,1,mestrado
0.01%,1,message
0.01%,1,mesquita
0.01%,1,Mesmo
0.01%,1,meses
0.01%,1,MERO
0.01%,1,merda
0.01%,1,merchani
0.01%,1,mentiras
0.01%,1,mentira
0.01%,1,Mente
0.01%,1,Menos
0.01%,1,menores
0.01%,1,menino
0.01%,1,meminas
0.01%,1,melodyyuyu
0.01%,1,Melior
0.01%,1,melior
0.01%,1,MELIANTE
0.01%,1,melhores
0.01%,1,melhora
0.01%,1,MELHIR
0.01%,1,mel
0.01%,1,meirieli
0.01%,1,meiriele
0.01%,1,Meine
0.01%,1,meia
0.01%,1,medo
0.01%,1,meaning
0.01%,1,Mduhej
0.01%,1,mc
0.01%,1,Mazzo
0.01%,1,Maybiss
0.01%,1,Mau
0.01%,1,mau
0.01%,1,matuto
0.01%,1,matou
0.01%,1,MATEM
0.01%,1,Match
0.01%,1,match
0.01%,1,Matarei
0.01%,1,matanza
0.01%,1,mat
0.01%,1,Massass
0.01%,1,massa
0.01%,1,masculina
0.01%,1,MAS
0.01%,1,Martha
0.01%,1,marra
0.01%,1,Marquinho
0.01%,1,MARQUIN
0.01%,1,marketeiros
0.01%,1,Marisa
0.01%,1,marimba
0.01%,1,marilene
0.01%,1,MARIA
0.01%,1,Maria
0.01%,1,maria
0.01%,1,Margareter
0.01%,1,margarete
0.01%,1,Marcondes
0.01%,1,marcar
0.01%,1,MARAVILHOSO
0.01%,1,MARAVILHO
0.01%,1,Maranei
0.01%,1,MARACUJAJAJAJA
0.01%,1,maracuj
0.01%,1,mara
0.01%,1,MAR
0.01%,1,Mantnha
0.01%,1,manter
0.01%,1,Mantenha
0.01%,1,mant
0.01%,1,Manoooooo
0.01%,1,Mannis
0.01%,1,manja
0.01%,1,manis
0.01%,1,manha
0.01%,1,Maneco
0.01%,1,mando
0.01%,1,Mandem
0.01%,1,mandei
0.01%,1,mandanu
0.01%,1,Mandado
0.01%,1,MANDA
0.01%,1,Manda
0.01%,1,Man
0.01%,1,man
0.01%,1,mamado
0.01%,1,Maluquice
0.01%,1,Maluco
0.01%,1,maluco
0.01%,1,maluca
0.01%,1,malditos
0.01%,1,Malandramente
0.01%,1,mal
0.01%,1,MAISNLANCHINHO
0.01%,1,maior
0.01%,1,Maiara
0.01%,1,magoado
0.01%,1,maestroviado
0.01%,1,MAEsTro
0.01%,1,MAE
0.01%,1,Mae
0.01%,1,mae
0.01%,1,Madonna
0.01%,1,Macho
0.01%,1,M3
0.01%,1,LVIOLINDO
0.01%,1,lulaaaaaa
0.01%,1,luiz
0.01%,1,Lucina
0.01%,1,lucila
0.01%,1,lua
0.01%,1,LU
0.01%,1,Lu
0.01%,1,Lp
0.01%,1,LOVE
0.01%,1,Loukuraaaa
0.01%,1,loucura
0.01%,1,Louca
0.01%,1,louca
0.01%,1,Lou
0.01%,1,lot
0.01%,1,los
0.01%,1,loremipsum
0.01%,1,Loopplkhvffgcxdfgv
0.01%,1,looooooooooooooooooon
0.01%,1,LONGA
0.01%,1,Lolololok
0.01%,1,lololo
0.01%,1,lollao
0.01%,1,Lol
0.01%,1,Lokoooo
0.01%,1,Lokoo
0.01%,1,Lokassooo
0.01%,1,lokaaa
0.01%,1,lok
0.01%,1,loira
0.01%,1,LOHIC
0.01%,1,Logic
0.01%,1,logic
0.01%,1,logar
0.01%,1,Log10
0.01%,1,log
0.01%,1,Locuuura
0.01%,1,locoo
0.01%,1,LOCO
0.01%,1,Loco
0.01%,1,Lo
0.01%,1,Llollazul
0.01%,1,Llllppppbbbbbb
0.01%,1,llllllllllllllll
0.01%,1,Llllllll
0.01%,1,LLLLLL
0.01%,1,Llllkaka
0.01%,1,lll
0.01%,1,llkkkdhxhajcks
0.01%,1,LLALAL
0.01%,1,LLALA
0.01%,1,Ll
0.01%,1,lklklk
0.01%,1,Lkkkjkw
0.01%,1,LIVRE
0.01%,1,Live
0.01%,1,Liv
0.01%,1,litrao
0.01%,1,lita
0.01%,1,LIT
0.01%,1,Lit
0.01%,1,Link
0.01%,1,link
0.01%,1,linha
0.01%,1,LINGUA
0.01%,1,lingua
0.01%,1,lindos
0.01%,1,LINDOOOOOOO
0.01%,1,LIND
0.01%,1,Lil
0.01%,1,LIKE
0.01%,1,ligue
0.01%,1,LIGIA
0.01%,1,Ligia
0.01%,1,libertadores
0.01%,1,Libertad
0.01%,1,liberta
0.01%,1,Liberdade
0.01%,1,lia
0.01%,1,lhe
0.01%,1,Lh
0.01%,1,Letys
0.01%,1,ler
0.01%,1,Lepau
0.01%,1,lenta
0.01%,1,lendo
0.01%,1,leleke
0.01%,1,lele
0.01%,1,leland
0.01%,1,leite
0.01%,1,legalize
0.01%,1,Legal
0.01%,1,Le
0.01%,1,Ldkdn
0.01%,1,layza
0.01%,1,Layseeeee
0.01%,1,Laxa
0.01%,1,Laura
0.01%,1,Larga
0.01%,1,lanchinho
0.01%,1,lanches
0.01%,1,Lanche
0.01%,1,lanche
0.01%,1,lance
0.01%,1,LAN
0.01%,1,Lan
0.01%,1,lamb
0.01%,1,LALALQLQ
0.01%,1,LALALQLLQ
0.01%,1,LALALALQL
0.01%,1,LALALALLQL
0.01%,1,Lalalalalalalalalalalalalalalalalalalalalalalalala
0.01%,1,lalalalalalaalalalalalalalalaaaa
0.01%,1,Lalalalalala
0.01%,1,Lalalalala
0.01%,1,LALALALA
0.01%,1,LALALAL
0.01%,1,Lalala
0.01%,1,LAKALLALLQL
0.01%,1,lagartixa
0.01%,1,Lady
0.01%,1,Ladrao
0.01%,1,ladeira
0.01%,1,Lacrou
0.01%,1,lacrou
0.01%,1,Lacrando
0.01%,1,laa
0.01%,1,La
0.01%,1,Kzkzkzkzkzkzkzkzkkz
0.01%,1,Kzkahskidihs
0.01%,1,kxkkvjbjjcj
0.01%,1,Kvjfjfjfifjfigigiggkgkg
0.01%,1,Kukukuk
0.01%,1,Kui
0.01%,1,Ktktkrkrkrkrkr
0.01%,1,Kpop
0.01%,1,Kooo
0.01%,1,kom
0.01%,1,km
0.01%,1,klklklklklk
0.01%,1,kkskam
0.01%,1,Kkr
0.01%,1,Kkmkkk
0.01%,1,kkkkknnnnnnnnnjj
0.01%,1,Kkkkkkkllk
0.01%,1,Kkkkkkkkkkkkmkmmmm
0.01%,1,KKKKKKKKKKKKKKLKKKKK
0.01%,1,kkkkkkkkkkkkkkk
0.01%,1,Kkkkkkkkkkkkkjkk
0.01%,1,Kkkkkkkkkkkkk
0.01%,1,kkkkkkkkkkkkk
0.01%,1,Kkkkkkkkkk
0.01%,1,kkkkkkkkk
0.01%,1,kKKKKKKK
0.01%,1,kkkkkkjjjj
0.01%,1,kkkkkk
0.01%,1,KKKKK
0.01%,1,kkkkaklkkakkka
0.01%,1,Kkjjjjjj
0.01%,1,Kkiuop
0.01%,1,kkhksja
0.01%,1,Kkakakaja
0.01%,1,Kk
0.01%,1,Kissu
0.01%,1,kisil
0.01%,1,kids
0.01%,1,kick
0.01%,1,kibe
0.01%,1,Khakhzkhaksue
0.01%,1,Kgifushx
0.01%,1,kg
0.01%,1,kfneiebdbekdnd
0.01%,1,Kents
0.01%,1,kendocnbalslfl
0.01%,1,kem
0.01%,1,kebebfosbwlg
0.01%,1,Kdksks
0.01%,1,Kdidjdidfggggh
0.01%,1,kddd
0.01%,1,KD
0.01%,1,kd
0.01%,1,kct
0.01%,1,Kazhsihahwihs
0.01%,1,Kazaquitao
0.01%,1,Kayo
0.01%,1,kats
0.01%,1,Katius
0.01%,1,Katarinaaa
0.01%,1,katabam
0.01%,1,kanto
0.01%,1,Kantes
0.01%,1,Kanta
0.01%,1,Kakha
0.01%,1,Kakakja
0.01%,1,kakakakakakaka
0.01%,1,kakakakak
0.01%,1,kajdsf
0.01%,1,kajajajakaka
0.01%,1,kairospania
0.01%,1,Kabum
0.01%,1,Jygfvugfubv
0.01%,1,Jxuxux
0.01%,1,Jwjdhfiwjd
0.01%,1,Juvyhvin
0.01%,1,justu
0.01%,1,Juro
0.01%,1,junto
0.01%,1,juntas
0.01%,1,JULY
0.01%,1,julgo
0.01%,1,JUJUBA
0.01%,1,Juju
0.01%,1,Judas
0.01%,1,Jucucufifici
0.01%,1,Jttttt
0.01%,1,Jsk
0.01%,1,jsjshshshsjsjshs
0.01%,1,Jsjkskskkskskskjsjs
0.01%,1,Jsjjdjxjd
0.01%,1,Jsjdbdb
0.01%,1,Jshahja
0.01%,1,JSFDFKD
0.01%,1,JSASJSASJSASJSASJSAS
0.01%,1,Jrikwkqliroe
0.01%,1,Jose
0.01%,1,jornal
0.01%,1,Jorel
0.01%,1,JOHNYY
0.01%,1,JOHNY
0.01%,1,Johny
0.01%,1,johnny
0.01%,1,JOHNN
0.01%,1,JOHHNNY
0.01%,1,Jogos
0.01%,1,joga
0.01%,1,joelho
0.01%,1,job
0.01%,1,Jo
0.01%,1,Jjnebdjbrhdh
0.01%,1,Jjmjjmjjm
0.01%,1,Jjkajankakaka
0.01%,1,jjjjjjjjjjjjjjjjjjjjj
0.01%,1,jjjjjjjjjjjjij
0.01%,1,Jjjjj
0.01%,1,Jjjj
0.01%,1,Jjj
0.01%,1,JJDAJJDAJJDAJJDAJDAJJDA
0.01%,1,jhsdjghsdfgd
0.01%,1,Jhonny
0.01%,1,jhjah
0.01%,1,Jfufufufufifi
0.01%,1,Jfudysgxvlb
0.01%,1,Jfudududkvjduduxudydy
0.01%,1,Jfhd
0.01%,1,jeux
0.01%,1,jetzt
0.01%,1,jessykass
0.01%,1,Jessycaaaaaa
0.01%,1,Jessyca
0.01%,1,JessiKa
0.01%,1,Jessicaaaaa
0.01%,1,jessicaaaa
0.01%,1,Jess
0.01%,1,Jeoebje
0.01%,1,jeodjenkrkf
0.01%,1,Jehe
0.01%,1,Jduwiudjfjejekifrr
0.01%,1,jdnsksjubrb
0.01%,1,jdkenfldnandkf
0.01%,1,Jdjufjeuhf
0.01%,1,Jdjjfd
0.01%,1,Jdjjdjjsjs
0.01%,1,Jdhd
0.01%,1,Jcucu
0.01%,1,Jcu
0.01%,1,Jcjxhxjcjxjx
0.01%,1,Jcjfududususjxkc
0.01%,1,jazz
0.01%,1,Jaspion
0.01%,1,Japon
0.01%,1,Japa
0.01%,1,janta
0.01%,1,janrlfneoskfn
0.01%,1,Jango
0.01%,1,JANEIRO
0.01%,1,Janeiro
0.01%,1,jandlcmsnakfng
0.01%,1,jajakakjajaj
0.01%,1,Jajajjajajajajajaja
0.01%,1,Jajajajajajaja
0.01%,1,Jajajajajajahaha
0.01%,1,jajaianjk
0.01%,1,Jaj
0.01%,1,Jaihdhsiososj
0.01%,1,Jacob
0.01%,1,jabuti
0.01%,1,Ivete
0.01%,1,ivan
0.01%,1,iuuia
0.01%,1,Itamar
0.01%,1,italia
0.01%,1,Itachi
0.01%,1,Ita
0.01%,1,It
0.01%,1,Isto
0.01%,1,isto
0.01%,1,ist
0.01%,1,isperimentaw
0.01%,1,isn
0.01%,1,ISA
0.01%,1,IS
0.01%,1,Is
0.01%,1,Irraaaaaaaa
0.01%,1,irm
0.01%,1,iqy3qetqw7q8
0.01%,1,iPhone
0.01%,1,iousoau
0.01%,1,invenc
0.01%,1,invadindo
0.01%,1,invadi
0.01%,1,interpretava
0.01%,1,internet
0.01%,1,interagir
0.01%,1,inteligencia
0.01%,1,instrumental
0.01%,1,INSTRAGAM
0.01%,1,installs
0.01%,1,instalacao
0.01%,1,ino
0.01%,1,injusto
0.01%,1,INIMIGAS
0.01%,1,Inhai
0.01%,1,ingl
0.01%,1,infor
0.01%,1,influencias
0.01%,1,ines
0.01%,1,indo
0.01%,1,individualismo
0.01%,1,Indireta
0.01%,1,indicado
0.01%,1,Inclus
0.01%,1,inclina
0.01%,1,Inch
0.01%,1,Improviso
0.01%,1,improvisa
0.01%,1,importa
0.01%,1,imploro
0.01%,1,impediu
0.01%,1,IMExplica
0.01%,1,imaginando
0.01%,1,Im
0.01%,1,Iluminatti
0.01%,1,iluminati
0.01%,1,Ikahdihena
0.01%,1,Ijhhhhhjj
0.01%,1,IIRJJ
0.01%,1,Iiita
0.01%,1,Iiioop
0.01%,1,Iiioiiiiiiiiiiifdu
0.01%,1,Iiiiooo
0.01%,1,Iiiiiiiiiiii
0.01%,1,Iiiiiiaiiaia
0.01%,1,IIIIII
0.01%,1,iiiiii
0.01%,1,Iiiii8iiiiii
0.01%,1,III
0.01%,1,Iii
0.01%,1,Ii
0.01%,1,ihuhuhuhuhuhuuuhh
0.01%,1,iguais
0.01%,1,Ifro
0.01%,1,ifro
0.01%,1,ififucofueuducic
0.01%,1,Ificjdhx
0.01%,1,if
0.01%,1,ieahaaaaa
0.01%,1,ie
0.01%,1,idid
0.01%,1,identifiquem
0.01%,1,ideias
0.01%,1,Ideia
0.01%,1,ideia
0.01%,1,idea
0.01%,1,ICQ
0.01%,1,Icq
0.01%,1,icl
0.01%,1,Ichi
0.01%,1,ibuprofeno
0.01%,1,Ibicu
0.01%,1,ias
0.01%,1,Iaiaiaiaiaiaiaiaiaiaiaiaaaaaaaa
0.01%,1,Iaiaiaiaiaiaiaiaia
0.01%,1,iaia
0.01%,1,IAG
0.01%,1,Hzkhzk
0.01%,1,hxuxu
0.01%,1,hxhcu
0.01%,1,Hwug
0.01%,1,Hwjfjkrnnshcmrpsssssss
0.01%,1,hvubnjct
0.01%,1,huw
0.01%,1,humido
0.01%,1,humanista
0.01%,1,Huiiiiiu
0.01%,1,huhuhuhahaha
0.01%,1,huhuhahahaha
0.01%,1,huhu
0.01%,1,HUHSEW
0.01%,1,HUE
0.01%,1,HUASH
0.01%,1,Huahauhauahja
0.01%,1,HUAHAUAYAGUAGSYAGAYSUAAH
0.01%,1,Hu
0.01%,1,https
0.01%,1,Hto
0.01%,1,Hsvejfjrnynd
0.01%,1,hsngry
0.01%,1,hsjsufkd
0.01%,1,Hshajdjfjs
0.01%,1,Hshahhahasom
0.01%,1,hsdghjffgg
0.01%,1,hsdgfashjdfgaljshdgf
0.01%,1,hsdfghfjka
0.01%,1,Hsbahha
0.01%,1,Hri
0.01%,1,href
0.01%,1,Hp
0.01%,1,Howwwww
0.01%,1,how
0.01%,1,House
0.01%,1,house
0.01%,1,Hora
0.01%,1,hor
0.01%,1,honesto
0.01%,1,HOMOFOBICO
0.01%,1,Homofobico
0.01%,1,homofobia
0.01%,1,HOMOFBICO
0.01%,1,Homer
0.01%,1,homem
0.01%,1,home
0.01%,1,Hola
0.01%,1,hola
0.01%,1,HO
0.01%,1,ho
0.01%,1,Hnb
0.01%,1,HMmmmmmm
0.01%,1,Hmmmm
0.01%,1,hmgmgmgmmmgm
0.01%,1,Hlb
0.01%,1,Hl
0.01%,1,Hkahkhzihskaud
0.01%,1,Hjzjznnzjjzjzj
0.01%,1,Hjzjjsnsnzjk
0.01%,1,hjjahaha
0.01%,1,Hjj
0.01%,1,Hjejwujf1
0.01%,1,hjasf
0.01%,1,Hj
0.01%,1,historia
0.01%,1,HIRA
0.01%,1,hiiiiii
0.01%,1,Hihi
0.01%,1,Higor
0.01%,1,High
0.01%,1,higbdhzt
0.01%,1,Hibernei
0.01%,1,Hi
0.01%,1,Hhvxxfhffjkshdjx
0.01%,1,Hhhnvhhf
0.01%,1,HhhhhhhhhhhhhahahahHHhHhhHHHHHHHHHHHHHH
0.01%,1,Hhhhhhhhhh
0.01%,1,HHHHHHHHH
0.01%,1,Hhhhhhh
0.01%,1,hhhhh
0.01%,1,hhhh
0.01%,1,Hhdyudd
0.01%,1,Hhahaha
0.01%,1,hhaaaa
0.01%,1,HH
0.01%,1,Hggyuj
0.01%,1,Hgghkm
0.01%,1,Hgf
0.01%,1,hf
0.01%,1,heyyyyyy
0.01%,1,Heyyyy
0.01%,1,heyheuheujeuehye
0.01%,1,Hey
0.01%,1,hey
0.01%,1,Heuwkhe
0.01%,1,Heure
0.01%,1,Here
0.01%,1,here
0.01%,1,Heoebje
0.01%,1,Help
0.01%,1,Helooololllloool
0.01%,1,Hekbdjwkd
0.01%,1,Heiiiiiiiiiiiiiii
0.01%,1,Heieniwlw
0.01%,1,Hei
0.01%,1,hehshs
0.01%,1,Hehhd
0.01%,1,Hehehhehe
0.01%,1,Hehehehee
0.01%,1,hehehehe
0.01%,1,Hehehe
0.01%,1,Hehdh
0.01%,1,hegemonia
0.01%,1,Heeey
0.01%,1,heck
0.01%,1,Hebdintbeidnwkf
0.01%,1,Heavy
0.01%,1,heaven
0.01%,1,hear
0.01%,1,Head
0.01%,1,Hdosnhd
0.01%,1,Hdlf
0.01%,1,Hdkjehhske
0.01%,1,hdjskek
0.01%,1,Hdjshhahahahshja
0.01%,1,Hdjdbejxufbsjxnagrig
0.01%,1,hdhjjkio
0.01%,1,Hdh
0.01%,1,hdfkhdg
0.01%,1,hdfhkasjhd
0.01%,1,hay
0.01%,1,Haukaihahs
0.01%,1,Hauhaua
0.01%,1,Hauhau
0.01%,1,Hauaiaja
0.01%,1,Hauahauahauahauahauayau
0.01%,1,hashivader
0.01%,1,HASHIMOTO
0.01%,1,Hashimoto
0.01%,1,hashimoto
0.01%,1,Hash
0.01%,1,HARRY
0.01%,1,Hakrhhabwnfic
0.01%,1,Hakaondjevjaia
0.01%,1,hajkabshha
0.01%,1,Hajhajahajahahsjsha
0.01%,1,Haja
0.01%,1,haishaiahauahalanxncjfjdj
0.01%,1,haiahaiahaiahaiahaiahaiahaiahaiahaiahai
0.01%,1,hahhahahah
0.01%,1,Hahhaha
0.01%,1,Hahahja
0.01%,1,Hahahahhaa
0.01%,1,Hahahahha
0.01%,1,Hahahahahahhaahahaa
0.01%,1,Hahahahahahha
0.01%,1,Hahahahahahahahhahahahahahah
0.01%,1,hahahahahahahahahahahahahahahahahah
0.01%,1,hahahahahahahahahahahahahahahahaha
0.01%,1,HAHAHAHAHAHAHAHAHAHAHAHAHA
0.01%,1,hahahahahahahahahahahahah
0.01%,1,hahahahahahahahahahahaah
0.01%,1,HAHAHAHAHAHAHAHAAHAHHA
0.01%,1,Hahahahahaha
0.01%,1,hahahahahah
0.01%,1,hahahahahaahahahahah
0.01%,1,hahahahaha
0.01%,1,Hahahahah
0.01%,1,Hahahaah
0.01%,1,HAHAHA
0.01%,1,Hahah
0.01%,1,HAH
0.01%,1,Hah
0.01%,1,habe
0.01%,1,Haaaaa
0.01%,1,H4
0.01%,1,gzuiss
0.01%,1,gZuis
0.01%,1,guys
0.01%,1,GUUU
0.01%,1,gutural
0.01%,1,Guitarra
0.01%,1,Gugrfbjbswb
0.01%,1,gugigufifufifufuf
0.01%,1,Gud
0.01%,1,Guaxups
0.01%,1,GUAXIPE
0.01%,1,gt
0.01%,1,Gsusjs
0.01%,1,Gsgs
0.01%,1,gruveeeee
0.01%,1,Grrr
0.01%,1,GROOVE
0.01%,1,gritou
0.01%,1,Gritei
0.01%,1,gritar
0.01%,1,GRILL
0.01%,1,great
0.01%,1,grave
0.01%,1,grava
0.01%,1,Grande
0.01%,1,gradua
0.01%,1,Gracias
0.01%,1,gra
0.01%,1,GR
0.01%,1,Gr
0.01%,1,gr
0.01%,1,Gp
0.01%,1,gou
0.01%,1,gostosoo
0.01%,1,gostoso
0.01%,1,gostei
0.01%,1,GOSTA
0.01%,1,Gorender
0.01%,1,GORDINHO
0.01%,1,gopro
0.01%,1,Gomes
0.01%,1,golpistas
0.01%,1,Golpe
0.01%,1,golpe
0.01%,1,gold
0.01%,1,gol
0.01%,1,Gogogo
0.01%,1,Gogog
0.01%,1,god
0.01%,1,Go
0.01%,1,gnoise
0.01%,1,Gmg
0.01%,1,gmg
0.01%,1,GLOBO
0.01%,1,Gleyce
0.01%,1,Gjskksjde
0.01%,1,Gjdjsiajsjsjajs
0.01%,1,Gisloka
0.01%,1,gio
0.01%,1,Gilda
0.01%,1,Gig
0.01%,1,gica
0.01%,1,Gi
0.01%,1,gi
0.01%,1,Ghig
0.01%,1,ghhn
0.01%,1,Ghghgh
0.01%,1,ggskajajaja
0.01%,1,Gggjh
0.01%,1,Gggggghgghhhhhhhhbbbbh
0.01%,1,Ggggggg
0.01%,1,Ggggg
0.01%,1,Gggbg
0.01%,1,Ggdd
0.01%,1,Gg
0.01%,1,gerawww
0.01%,1,geraw
0.01%,1,gerando
0.01%,1,geraldo
0.01%,1,George
0.01%,1,gentileza
0.01%,1,gentenque
0.01%,1,GENTE
0.01%,1,genas
0.01%,1,gemidao
0.01%,1,Gehdjrhhrhgegndfhdfg
0.01%,1,gefreut
0.01%,1,Geeeeente
0.01%,1,gdgghjhdghytfggdd
0.01%,1,GAY
0.01%,1,Gatx
0.01%,1,gatones
0.01%,1,gaton
0.01%,1,Gato
0.01%,1,gatinha
0.01%,1,Gata
0.01%,1,Gat
0.01%,1,gat
0.01%,1,Garota
0.01%,1,garota
0.01%,1,garanto
0.01%,1,ganhei
0.01%,1,Gangnam
0.01%,1,game
0.01%,1,Galopeiaaaaaaaaaaaaaaa
0.01%,1,Galipeeeeeiraaaaaaaaaaaaaaaaaa
0.01%,1,galeres
0.01%,1,galeeeera
0.01%,1,Gaijins
0.01%,1,gahge
0.01%,1,Gaha
0.01%,1,Gagagahahagagagagaga
0.01%,1,gaga
0.01%,1,gaby
0.01%,1,FUTEBOL
0.01%,1,FUT
0.01%,1,Fusjhdisud
0.01%,1,fusca
0.01%,1,furiosa
0.01%,1,FUNKEIRO
0.01%,1,funk
0.01%,1,Fundamenta
0.01%,1,funcionar
0.01%,1,Funciona
0.01%,1,Fuis
0.01%,1,Fuiiiiii
0.01%,1,Fuiiii
0.01%,1,Fui
0.01%,1,fui
0.01%,1,fufufufufu
0.01%,1,Fuera
0.01%,1,fuego
0.01%,1,Fudidas
0.01%,1,fudeee
0.01%,1,Fuck
0.01%,1,Fu
0.01%,1,FTW
0.01%,1,Ftuys
0.01%,1,Ftrewjfikov
0.01%,1,Ft
0.01%,1,fsfhg
0.01%,1,fsdfs
0.01%,1,fruta
0.01%,1,FROM
0.01%,1,frito
0.01%,1,FRIO
0.01%,1,FRIM
0.01%,1,friend
0.01%,1,Friboi
0.01%,1,friboi
0.01%,1,frescar
0.01%,1,FREN
0.01%,1,Freebird
0.01%,1,fraco
0.01%,1,FR
0.01%,1,fr
0.01%,1,fqzer
0.01%,1,FPS
0.01%,1,FOTOS
0.01%,1,fotos
0.01%,1,fosse
0.01%,1,Fort
0.01%,1,forever
0.01%,1,ForaTemer
0.01%,1,foratemer
0.01%,1,foram
0.01%,1,Foraaaa
0.01%,1,Foooora
0.01%,1,food
0.01%,1,fomeeeeeeeee
0.01%,1,fomeeeeee
0.01%,1,folga
0.01%,1,fogueira
0.01%,1,Foge
0.01%,1,Fof
0.01%,1,Fodeuuu
0.01%,1,fodao
0.01%,1,focas
0.01%,1,FLWWWWWWW
0.01%,1,FLODA
0.01%,1,flg
0.01%,1,flatearth
0.01%,1,Flat
0.01%,1,flat
0.01%,1,Flamengo
0.01%,1,flamengo
0.01%,1,fkcmtkcnsksng
0.01%,1,Fjsidi
0.01%,1,Fjeknabd
0.01%,1,Fjebidneienrj
0.01%,1,Fjdjdj
0.01%,1,fiz
0.01%,1,fixaFor
0.01%,1,fiuuuu
0.01%,1,Fishing
0.01%,1,fischer
0.01%,1,find
0.01%,1,filme
0.01%,1,filmando
0.01%,1,filhos
0.01%,1,filho
0.01%,1,fila
0.01%,1,fiiui
0.01%,1,Fiiu
0.01%,1,Figurmitico
0.01%,1,FIGADO
0.01%,1,Fierazzz
0.01%,1,fida
0.01%,1,Fico
0.01%,1,FICANDO
0.01%,1,Fi
0.01%,1,Fhwjenjdkwk
0.01%,1,FHHD
0.01%,1,fhc
0.01%,1,FFLCH
0.01%,1,ffffggg
0.01%,1,fffffs777777
0.01%,1,FFFFFFFG
0.01%,1,ffffffffffffffffffffffcccffffcccccccccc
0.01%,1,Ffffffffffffff
0.01%,1,Fffffffffff
0.01%,1,FFFFFFFFFFDDDDDD
0.01%,1,ffffffdscvh
0.01%,1,Fffff
0.01%,1,Ff
0.01%,1,ff
0.01%,1,fez
0.01%,1,Feulo
0.01%,1,festas
0.01%,1,festaboaD
0.01%,1,festa
0.01%,1,Fernandao
0.01%,1,Feriassd
0.01%,1,feriado
0.01%,1,FELIZ
0.01%,1,felicidades
0.01%,1,fela
0.01%,1,feito
0.01%,1,feira
0.01%,1,FEIO
0.01%,1,Feijoada
0.01%,1,feij
0.01%,1,FEELINGS
0.01%,1,fechamos
0.01%,1,Fds
0.01%,1,fd
0.01%,1,fazendo
0.01%,1,favoravel
0.01%,1,favela
0.01%,1,fau
0.01%,1,Fasci
0.01%,1,fant
0.01%,1,fandangus
0.01%,1,fandangos
0.01%,1,FAMIR
0.01%,1,Fam
0.01%,1,falu
0.01%,1,FALTA
0.01%,1,falsianis
0.01%,1,FALSIANE
0.01%,1,Falsete
0.01%,1,Falou
0.01%,1,falado
0.01%,1,Falaaa
0.01%,1,FAIOU
0.01%,1,faculdade
0.01%,1,Factum
0.01%,1,faciwww
0.01%,1,facil
0.01%,1,Facebook
0.01%,1,facebook
0.01%,1,face
0.01%,1,Fabiooo
0.01%,1,Fabio
0.01%,1,fabio
0.01%,1,faaaa
0.01%,1,FA
0.01%,1,F1
0.01%,1,exu
0.01%,1,Extraterrestres
0.01%,1,explos
0.01%,1,experimento
0.01%,1,Experimental
0.01%,1,events
0.01%,1,Evelin
0.01%,1,euquero
0.01%,1,eum
0.01%,1,euim
0.01%,1,Etyaywyyww
0.01%,1,etapa
0.01%,1,Etaaaaa
0.01%,1,Eta
0.01%,1,eta
0.01%,1,ET
0.01%,1,et
0.01%,1,estrutura
0.01%,1,estru
0.01%,1,ESTRELINHA
0.01%,1,estrelinha
0.01%,1,estrelaaaaa
0.01%,1,Estrela
0.01%,1,estrada
0.01%,1,Estou
0.01%,1,estimativa
0.01%,1,estilo
0.01%,1,Esternocleidomastoideo
0.01%,1,Este
0.01%,1,estava
0.01%,1,estarei
0.01%,1,estao
0.01%,1,estamos
0.01%,1,esta
0.01%,1,EST
0.01%,1,Essa
0.01%,1,esquesito
0.01%,1,Esquerdolatrismo
0.01%,1,Esquerdalha
0.01%,1,Esquema
0.01%,1,esqueci
0.01%,1,ESPECIAL
0.01%,1,Espartana
0.01%,1,Esparrama
0.01%,1,espa
0.01%,1,esfera
0.01%,1,escroto
0.01%,1,escritorio
0.01%,1,ESCRITO
0.01%,1,escrevi
0.01%,1,escrevendo
0.01%,1,escreve
0.01%,1,Escorreha
0.01%,1,escorrefa
0.01%,1,Escoliose
0.01%,1,ERtyhf
0.01%,1,Errr
0.01%,1,Errei
0.01%,1,errante
0.01%,1,errado
0.01%,1,ERou
0.01%,1,ERA
0.01%,1,epistemol
0.01%,1,epis
0.01%,1,Epipobaquigrafo
0.01%,1,Epa
0.01%,1,ep
0.01%,1,Eoooooo
0.01%,1,eooo
0.01%,1,eof
0.01%,1,eo
0.01%,1,envolvidos
0.01%,1,envolvido
0.01%,1,enviou
0.01%,1,enviando
0.01%,1,Envia
0.01%,1,Entroooooooooouuuu
0.01%,1,entrar
0.01%,1,ENTR
0.01%,1,entendo
0.01%,1,entendi
0.01%,1,entender
0.01%,1,entendendo
0.01%,1,entaum
0.01%,1,Entao
0.01%,1,Ent
0.01%,1,ent
0.01%,1,enquanto
0.01%,1,eno
0.01%,1,engordei
0.01%,1,ends
0.01%,1,END
0.01%,1,encostar
0.01%,1,encontrou
0.01%,1,ENCONTRO
0.01%,1,encontrar
0.01%,1,encontra
0.01%,1,empreendia
0.01%,1,empreendedora
0.01%,1,Empolgant
0.01%,1,empoderadas
0.01%,1,empenho
0.01%,1,empada
0.01%,1,emoticon
0.01%,1,Emoji
0.01%,1,embrazando
0.01%,1,embaixo
0.01%,1,Em
0.01%,1,elogiar
0.01%,1,elias
0.01%,1,Eletricidade
0.01%,1,eletr
0.01%,1,elegante
0.01%,1,eleeeee
0.01%,1,electonics
0.01%,1,Ele
0.01%,1,elaba
0.01%,1,Ela
0.01%,1,el
0.01%,1,EK
0.01%,1,einer
0.01%,1,ein
0.01%,1,EIITA
0.01%,1,Ei
0.01%,1,egxwweuywwgcuhbo
0.01%,1,eggs
0.01%,1,Eerukgzvnko
0.01%,1,Eeew
0.01%,1,Eeeei
0.01%,1,EEEEEEEEEE
0.01%,1,Eeeeeeeee
0.01%,1,EEEEEEEE
0.01%,1,eeeee
0.01%,1,EEEE
0.01%,1,Eeee
0.01%,1,EEE
0.01%,1,Eee
0.01%,1,EE
0.01%,1,ee
0.01%,1,educado
0.01%,1,Eduardo
0.01%,1,Edgard
0.01%,1,Ecosistema
0.01%,1,ecosistema
0.01%,1,economia
0.01%,1,Eca
0.01%,1,Ebs
0.01%,1,Eai
0.01%,1,Eaae
0.01%,1,e9fa8dbadf84caa2a7f58e992ba84e8f
0.01%,1,e4
0.01%,1,Dvorak
0.01%,1,Durex
0.01%,1,dupla
0.01%,1,Dumops
0.01%,1,duis
0.01%,1,Duches
0.01%,1,du
0.01%,1,Dsjsjsjsje
0.01%,1,dsfhgdfgljkd
0.01%,1,drums
0.01%,1,DROP
0.01%,1,drogas
0.01%,1,Dracaris
0.01%,1,Dra
0.01%,1,Dr
0.01%,1,dr
0.01%,1,dps
0.01%,1,doutorado
0.01%,1,doutarado
0.01%,1,dous
0.01%,1,Dourados
0.01%,1,Dota
0.01%,1,Dosoufamy
0.01%,1,dormiu
0.01%,1,Dormir
0.01%,1,dorme
0.01%,1,DORIA
0.01%,1,Doria
0.01%,1,dorgas
0.01%,1,Dora
0.01%,1,dor
0.01%,1,Dong
0.01%,1,dona
0.01%,1,DOMINGO
0.01%,1,dominar
0.01%,1,dominantes
0.01%,1,Dominante
0.01%,1,dominante
0.01%,1,domina
0.01%,1,DOIS
0.01%,1,Dois
0.01%,1,doidoeira
0.01%,1,Doido
0.01%,1,Doidao
0.01%,1,Doi
0.01%,1,dog
0.01%,1,Doente
0.01%,1,Dododada
0.01%,1,DOCE
0.01%,1,Doc
0.01%,1,Dmd
0.01%,1,dm
0.01%,1,dlida
0.01%,1,DKS
0.01%,1,Dkdkskr
0.01%,1,DKAJNL
0.01%,1,Djuwyw
0.01%,1,Djsjsjd
0.01%,1,Djsjd
0.01%,1,djota
0.01%,1,Djjd
0.01%,1,DJENEWKQKWNDJQMQJQ
0.01%,1,Djdjdndmddd
0.01%,1,Djdjdkdmd
0.01%,1,djavan
0.01%,1,Dizer
0.01%,1,Dizem
0.01%,1,DIZ
0.01%,1,divorciada
0.01%,1,divinas
0.01%,1,Diva
0.01%,1,disserta
0.01%,1,disposta
0.01%,1,disko
0.01%,1,Disk
0.01%,1,disfar
0.01%,1,disculpa
0.01%,1,discos
0.01%,1,discografia
0.01%,1,Disco
0.01%,1,discada
0.01%,1,Direta
0.01%,1,direta
0.01%,1,direito
0.01%,1,direitinho
0.01%,1,dipsy
0.01%,1,diploma
0.01%,1,Dios
0.01%,1,dio
0.01%,1,dinovo
0.01%,1,dinossauro
0.01%,1,ding
0.01%,1,dindindindindindindindindindindidnidnidnidnidnidndindind
0.01%,1,DILMAE
0.01%,1,dilmae
0.01%,1,Dilma
0.01%,1,digo
0.01%,1,digitar
0.01%,1,DIGITAL
0.01%,1,Digdigdig
0.01%,1,digam
0.01%,1,Diga
0.01%,1,Dig
0.01%,1,Dififjcuyducydjcudhxjcusj
0.01%,1,dificiwwww
0.01%,1,diferente
0.01%,1,diferen
0.01%,1,dif
0.01%,1,dieta
0.01%,1,Didududifidudud
0.01%,1,Dididudifidudisuajdjcugdufsufuddygixfudufys
0.01%,1,Dididi
0.01%,1,dicam
0.01%,1,dibreeees
0.01%,1,dibre
0.01%,1,diantodo
0.01%,1,diaco
0.01%,1,Dheifjehej
0.01%,1,Dhdof
0.01%,1,Dhdhsh
0.01%,1,Dh
0.01%,1,dfghj
0.01%,1,dfdfaa
0.01%,1,Df
0.01%,1,dez
0.01%,1,devia
0.01%,1,devagar
0.01%,1,deusi
0.01%,1,Deudowngeralnagalera
0.01%,1,Deu
0.01%,1,destino
0.01%,1,desta
0.01%,1,despacito
0.01%,1,desordem
0.01%,1,DESMAIADA
0.01%,1,deslocamento
0.01%,1,Desislaaaaa
0.01%,1,desequil
0.01%,1,DESEJO
0.01%,1,dese
0.01%,1,Desculpe
0.01%,1,DESCENDENTE
0.01%,1,Derrubo
0.01%,1,derrubar
0.01%,1,derruba
0.01%,1,deriva
0.01%,1,dera
0.01%,1,Depois
0.01%,1,Depila
0.01%,1,depend
0.01%,1,deo
0.01%,1,dentro
0.01%,1,denais
0.01%,1,demorou
0.01%,1,demorando
0.01%,1,DEMAIS
0.01%,1,dem
0.01%,1,delicia
0.01%,1,deles
0.01%,1,Delay
0.01%,1,dela
0.01%,1,Dejfifiejworjfjrjefffffffffffffffffddf
0.01%,1,Deixem
0.01%,1,Deixa
0.01%,1,defh
0.01%,1,deep
0.01%,1,DEDOS
0.01%,1,dedos
0.01%,1,Dedo
0.01%,1,dedo
0.01%,1,Dede
0.01%,1,deal
0.01%,1,DEAD
0.01%,1,dead
0.01%,1,ddufiriuyigocxkckviglvkvkvucj
0.01%,1,DDSS
0.01%,1,DDS
0.01%,1,DDDDDD
0.01%,1,Dddddd
0.01%,1,Ddddd
0.01%,1,dddd
0.01%,1,DDD
0.01%,1,ddd
0.01%,1,dazsdfhjkkk
0.01%,1,dazora
0.01%,1,Dayany
0.01%,1,data
0.01%,1,Das
0.01%,1,Dar
0.01%,1,Daqui
0.01%,1,DANTAS
0.01%,1,Daniiiiiii
0.01%,1,daniiii
0.01%,1,dani
0.01%,1,dando
0.01%,1,dance
0.01%,1,danado
0.01%,1,dan
0.01%,1,DAMOS
0.01%,1,damos
0.01%,1,DALILA982137438134819
0.01%,1,dale
0.01%,1,Daineeeee
0.01%,1,daine
0.01%,1,Daiannesss
0.01%,1,Daianeeeeee
0.01%,1,Daianeeee
0.01%,1,DAIANE
0.01%,1,DAHORA
0.01%,1,dah
0.01%,1,Dagsgs
0.01%,1,daft
0.01%,1,dada
0.01%,1,DAC
0.01%,1,cxxxxxzz
0.01%,1,Cxxccxx
0.01%,1,Cvcgff
0.01%,1,Cuzona
0.01%,1,curto
0.01%,1,CURTIU
0.01%,1,curtir
0.01%,1,curtindo
0.01%,1,Curti
0.01%,1,curriculum
0.01%,1,curioso
0.01%,1,Curintia
0.01%,1,curintia
0.01%,1,curb
0.01%,1,culpado
0.01%,1,culpa
0.01%,1,culos
0.01%,1,culo
0.01%,1,Cucucicufufufueucjxududydudysudyxysysydy
0.01%,1,cubos
0.01%,1,cubo
0.01%,1,cube
0.01%,1,cuba
0.01%,1,cua
0.01%,1,CS
0.01%,1,Crush
0.01%,1,Crossfire
0.01%,1,croissant
0.01%,1,crit
0.01%,1,crio
0.01%,1,criei
0.01%,1,criativo
0.01%,1,Crazucker
0.01%,1,crash
0.01%,1,crackudo
0.01%,1,cozinheira
0.01%,1,cozinha
0.01%,1,cozido
0.01%,1,Coxinha
0.01%,1,cowboy
0.01%,1,Cowbell
0.01%,1,CORTES
0.01%,1,corrida
0.01%,1,correr
0.01%,1,Correio
0.01%,1,CORREDOR
0.01%,1,Corre
0.01%,1,cornell
0.01%,1,corintia
0.01%,1,corinthiana
0.01%,1,Corinnnnnnnnthians
0.01%,1,coreano
0.01%,1,corcundas
0.01%,1,corassoes
0.01%,1,corassani
0.01%,1,coracao
0.01%,1,COPOOOOOOOO
0.01%,1,copoooooooo
0.01%,1,COPOO
0.01%,1,COPO
0.01%,1,copiosae
0.01%,1,copernicana
0.01%,1,coordenador
0.01%,1,cooper
0.01%,1,cool
0.01%,1,COOEEE
0.01%,1,conversa
0.01%,1,contrato
0.01%,1,Contrafagote
0.01%,1,contrafagote
0.01%,1,contr
0.01%,1,Contou
0.01%,1,continuar
0.01%,1,CONTINUA
0.01%,1,continua
0.01%,1,contigo
0.01%,1,contatos
0.01%,1,contatinhos
0.01%,1,contar
0.01%,1,constan
0.01%,1,console
0.01%,1,CONSCI
0.01%,1,CONPEX
0.01%,1,conosco
0.01%,1,conhecer
0.01%,1,conhece
0.01%,1,CONHE
0.01%,1,conhe
0.01%,1,confusa
0.01%,1,confirmados
0.01%,1,confessar
0.01%,1,CONFERENCIA
0.01%,1,conecta
0.01%,1,CONCEITO
0.01%,1,COMVEST
0.01%,1,comum
0.01%,1,Computa
0.01%,1,Comprrm
0.01%,1,comprometida
0.01%,1,compro
0.01%,1,comprar
0.01%,1,comprador
0.01%,1,comportem
0.01%,1,completar
0.01%,1,completa
0.01%,1,complementar
0.01%,1,compare
0.01%,1,COMOFAZ
0.01%,1,coming
0.01%,1,Comigo
0.01%,1,Comida
0.01%,1,COMI
0.01%,1,comi
0.01%,1,comex
0.01%,1,comesanu
0.01%,1,comer
0.01%,1,COMENTA
0.01%,1,coment
0.01%,1,Comeeeeeerrrr
0.01%,1,comecak
0.01%,1,COLOMBIANAAAA
0.01%,1,Colli
0.01%,1,collab
0.01%,1,coletivo
0.01%,1,coletiva
0.01%,1,Coletes
0.01%,1,colete
0.01%,1,Colesterol
0.01%,1,coleguinha
0.01%,1,COLA
0.01%,1,cola
0.01%,1,Cofre
0.01%,1,cofee
0.01%,1,COEXIST
0.01%,1,Coeeeeeeeee
0.01%,1,Code
0.01%,1,cocopra
0.01%,1,coco
0.01%,1,Coc
0.01%,1,COBRA
0.01%,1,COBERTURA
0.01%,1,co
0.01%,1,Cmomidaaaa
0.01%,1,cm
0.01%,1,clube
0.01%,1,Cloud
0.01%,1,Closedddd
0.01%,1,clique
0.01%,1,clicar
0.01%,1,cledenilson
0.01%,1,Claudinho
0.01%,1,Cjcudeueifid
0.01%,1,cjao
0.01%,1,Cjama
0.01%,1,civibus
0.01%,1,Ciuduficu
0.01%,1,cisneofkf
0.01%,1,Ciro
0.01%,1,Cinquenta
0.01%,1,cinderela
0.01%,1,cia
0.01%,1,Ci
0.01%,1,Chxh
0.01%,1,Chuuuuuuupa
0.01%,1,chutaria
0.01%,1,Churrasco
0.01%,1,churrasc
0.01%,1,Churras
0.01%,1,churras
0.01%,1,chuoa
0.01%,1,Chuck
0.01%,1,Chuchusssss
0.01%,1,chris
0.01%,1,choror
0.01%,1,chorar
0.01%,1,Choranoooo
0.01%,1,Choraniii
0.01%,1,Chorani
0.01%,1,chorando
0.01%,1,CHORA
0.01%,1,chora
0.01%,1,Choque
0.01%,1,CHOCOLATE
0.01%,1,chocolate
0.01%,1,Chimbinha
0.01%,1,Chikitita
0.01%,1,Chichomwan
0.01%,1,Chica
0.01%,1,chibelera
0.01%,1,CHELA
0.01%,1,cheio
0.01%,1,Cheias
0.01%,1,cheia
0.01%,1,cheguei
0.01%,1,Chegueeeeeiiiiiiii
0.01%,1,Chegou
0.01%,1,Chegamos
0.01%,1,chega
0.01%,1,chef
0.01%,1,Check
0.01%,1,Chatuba
0.01%,1,chatttt
0.01%,1,chatooo
0.01%,1,CHATO
0.01%,1,Chat
0.01%,1,charmoso
0.01%,1,charizarf
0.01%,1,CHAPEU
0.01%,1,Chapenelli
0.01%,1,chapa
0.01%,1,chamar
0.01%,1,chamada
0.01%,1,CHAMA
0.01%,1,chagando
0.01%,1,Ch
0.01%,1,cervejaaaaaa
0.01%,1,Cerveja
0.01%,1,cerveja
0.01%,1,certificado
0.01%,1,certeza
0.01%,1,censura
0.01%,1,Ceni
0.01%,1,celular
0.01%,1,CEL
0.01%,1,cefal
0.01%,1,cedo
0.01%,1,Ce
0.01%,1,ce
0.01%,1,CDSKFJ
0.01%,1,Cd
0.01%,1,cd
0.01%,1,Cccvvcvaiiaiq
0.01%,1,Ccccccccccccc
0.01%,1,Ccccccccccc
0.01%,1,Ccccccccc
0.01%,1,CCCCCCC
0.01%,1,Ccccccc
0.01%,1,Cccccc
0.01%,1,ccccc
0.01%,1,Ccc
0.01%,1,ccc
0.01%,1,causar
0.01%,1,causado
0.01%,1,causa
0.01%,1,cativar
0.01%,1,catarinaaa
0.01%,1,catariiina
0.01%,1,catai
0.01%,1,castigando
0.01%,1,casou
0.01%,1,CASO
0.01%,1,caso
0.01%,1,casamento
0.01%,1,Casaaa
0.01%,1,Cartografia
0.01%,1,carta
0.01%,1,cart
0.01%,1,carro
0.01%,1,carrie
0.01%,1,carregador
0.01%,1,carnivalee
0.01%,1,Carnaval
0.01%,1,Carmim
0.01%,1,Carmen
0.01%,1,carmen
0.01%,1,Carlos
0.01%,1,Carla
0.01%,1,carinha
0.01%,1,CARALHO
0.01%,1,caralho
0.01%,1,caraio
0.01%,1,Caraca
0.01%,1,caraca
0.01%,1,car
0.01%,1,capotou
0.01%,1,capit
0.01%,1,capiroto
0.01%,1,cantos
0.01%,1,cante
0.01%,1,cansado
0.01%,1,Canjica
0.01%,1,canil
0.01%,1,caneta
0.01%,1,cancele
0.01%,1,CANCELA
0.01%,1,cana
0.01%,1,CAMPUS
0.01%,1,campeao
0.01%,1,Campanha
0.01%,1,Camoun
0.01%,1,camos
0.01%,1,caminho
0.01%,1,camila
0.01%,1,cam
0.01%,1,Calypsoooo
0.01%,1,calor
0.01%,1,Calma
0.01%,1,Calado
0.01%,1,Cala
0.01%,1,caixinhos
0.01%,1,caixinho
0.01%,1,Caixinha
0.01%,1,Caio
0.01%,1,Caichinhos
0.01%,1,Cagar
0.01%,1,cagar
0.01%,1,cafusos
0.01%,1,cafeee
0.01%,1,CAFE
0.01%,1,Cafe
0.01%,1,cadeia
0.01%,1,Cadeeee
0.01%,1,CADE
0.01%,1,cadastrado
0.01%,1,Cada
0.01%,1,CAD
0.01%,1,Cachos
0.01%,1,cacheado
0.01%,1,cache
0.01%,1,Cacha
0.01%,1,Cacete
0.01%,1,Caceta
0.01%,1,cacava
0.01%,1,CAC
0.01%,1,Caboh
0.01%,1,cabeludo
0.01%,1,CABELO
0.01%,1,Cab
0.01%,1,Ca
0.01%,1,ca
0.01%,1,C3PO
0.01%,1,by
0.01%,1,bxbxbxbxbxbxbxbxbxbxbxbxbxbxbbx
0.01%,1,BVVBBVVBBVVBBVVBBVVBBVVBBVVBBVVB
0.01%,1,bvn
0.01%,1,buzinas
0.01%,1,buteco
0.01%,1,butanta
0.01%,1,Bumm
0.01%,1,bumm
0.01%,1,Bumbumtamtam
0.01%,1,Bumbumbumtamtamtam
0.01%,1,Bumbum
0.01%,1,Bumba
0.01%,1,Bum
0.01%,1,bum
0.01%,1,bulo
0.01%,1,Bula
0.01%,1,Buks
0.01%,1,Bugou
0.01%,1,buemba
0.01%,1,Budi
0.01%,1,buchecha
0.01%,1,Bucetas
0.01%,1,Btava
0.01%,1,Bsosnjs
0.01%,1,Bsnxnx
0.01%,1,BRUNO
0.01%,1,bruh
0.01%,1,brSil
0.01%,1,bronca
0.01%,1,Briza
0.01%,1,britney
0.01%,1,brisa
0.01%,1,brio
0.01%,1,BRINQUEDO
0.01%,1,brinqueco
0.01%,1,brinks
0.01%,1,brindes
0.01%,1,brincar
0.01%,1,brincadeira
0.01%,1,brilha
0.01%,1,BRIGADEIRO
0.01%,1,briga
0.01%,1,Bridge
0.01%,1,Brejas
0.01%,1,brejas
0.01%,1,BRAVA
0.01%,1,BRASIL
0.01%,1,BRAGA
0.01%,1,Braca
0.01%,1,braca
0.01%,1,BR
0.01%,1,Br
0.01%,1,Bpbpvpvpvpvpvpvpvpvpvpvpco
0.01%,1,Bozo
0.01%,1,bou
0.01%,1,boto
0.01%,1,BOTA
0.01%,1,bot
0.01%,1,Bosta
0.01%,1,Bosonazi
0.01%,1,boraprarecdeanalise
0.01%,1,Boraaaaaa
0.01%,1,bora
0.01%,1,boooo
0.01%,1,Booom
0.01%,1,Booo
0.01%,1,BOOM
0.01%,1,Boom
0.01%,1,Book
0.01%,1,book
0.01%,1,Bonjour
0.01%,1,bonito
0.01%,1,bonita
0.01%,1,bong
0.01%,1,bone
0.01%,1,bonde
0.01%,1,bon
0.01%,1,bombeta
0.01%,1,BOMBA
0.01%,1,Bomba
0.01%,1,bom11111
0.01%,1,bolsonaro
0.01%,1,Bolsomito
0.01%,1,bolso
0.01%,1,bolos
0.01%,1,boloooo
0.01%,1,bolas
0.01%,1,Bolao
0.01%,1,BOLA
0.01%,1,Bola
0.01%,1,bola
0.01%,1,BOL
0.01%,1,boif
0.01%,1,Boi
0.01%,1,boi
0.01%,1,Bodo
0.01%,1,bodo
0.01%,1,Bodeeee
0.01%,1,bodeeee
0.01%,1,bocaaaa
0.01%,1,Bobeou
0.01%,1,Bobao
0.01%,1,bob
0.01%,1,boazinha
0.01%,1,boaaaa
0.01%,1,boaaa
0.01%,1,Bnh
0.01%,1,bnbnbnbnbnbnnn
0.01%,1,Bmb
0.01%,1,bm
0.01%,1,blusa
0.01%,1,blica
0.01%,1,Blefe
0.01%,1,Blasilelo
0.01%,1,blas
0.01%,1,Blackberry
0.01%,1,Black
0.01%,1,black
0.01%,1,bl
0.01%,1,bjo
0.01%,1,bjar
0.01%,1,Bjaoo
0.01%,1,bj
0.01%,1,Bixcoito
0.01%,1,bitols
0.01%,1,Bite
0.01%,1,bitches
0.01%,1,BITCH
0.01%,1,Bitch
0.01%,1,bitch
0.01%,1,bissexual
0.01%,1,biscoitos
0.01%,1,Bis
0.01%,1,biru
0.01%,1,Birlllllll
0.01%,1,Biribikam
0.01%,1,bird
0.01%,1,biologa
0.01%,1,Bingo
0.01%,1,bing
0.01%,1,bilha
0.01%,1,BIIRRRLLLL
0.01%,1,bigorna
0.01%,1,Big
0.01%,1,Bicicicovifufuc
0.01%,1,BIBA
0.01%,1,Bib
0.01%,1,bianc
0.01%,1,Bial
0.01%,1,BIACA
0.01%,1,Bhffkmkg
0.01%,1,Besteira
0.01%,1,besteira
0.01%,1,besta
0.01%,1,Berlin
0.01%,1,belos
0.01%,1,Beleza
0.01%,1,beleza
0.01%,1,BELCHIORRRR
0.01%,1,Belchior
0.01%,1,bela
0.01%,1,Beijos
0.01%,1,Beijo
0.01%,1,beijo
0.01%,1,beijinho
0.01%,1,BEIJIM
0.01%,1,bebop
0.01%,1,Bebedouro
0.01%,1,bebe
0.01%,1,bebado
0.01%,1,Beba
0.01%,1,beautyful
0.01%,1,Beatboxxxxxzx
0.01%,1,Beat
0.01%,1,bdbdhdjdjskksjdndd
0.01%,1,bcbcbcbccbc
0.01%,1,bcbcbcbcbcbcc
0.01%,1,Bbvhhj
0.01%,1,bbonita
0.01%,1,Bbn
0.01%,1,bbcvv
0.01%,1,bbbbbbbbbbbbbbbbbbbbb
0.01%,1,bbbbbbbbbbbbbbbb
0.01%,1,bbbbbbbbbbbbb
0.01%,1,bbbbbbbbb
0.01%,1,bbbbbbbb
0.01%,1,bbbbb
0.01%,1,Bbbb
0.01%,1,bbbb
0.01%,1,BBB
0.01%,1,Bbb
0.01%,1,BB8
0.01%,1,Bb
0.01%,1,Bavarias
0.01%,1,Bav
0.01%,1,BATIDAO
0.01%,1,BATIDAL
0.01%,1,batida
0.01%,1,Bateu
0.01%,1,batera
0.01%,1,batendo
0.01%,1,Bate
0.01%,1,batatinha
0.01%,1,Batataesparramansohein
0.01%,1,Batataaaa
0.01%,1,BATATA
0.01%,1,BATAAAaaaTAAA
0.01%,1,bastante
0.01%,1,basss
0.01%,1,BAss
0.01%,1,basic
0.01%,1,Barulho
0.01%,1,Barra
0.01%,1,barks
0.01%,1,bar
0.01%,1,Baooo
0.01%,1,Baoaoaoaoa
0.01%,1,Bao
0.01%,1,banido
0.01%,1,banho
0.01%,1,Bangladesh
0.01%,1,bangladesh
0.01%,1,Bando
0.01%,1,BANDEJAO
0.01%,1,bandejao
0.01%,1,bandej
0.01%,1,Bandeco
0.01%,1,banco
0.01%,1,bam
0.01%,1,Balansa
0.01%,1,Balada
0.01%,1,bala
0.01%,1,bal
0.01%,1,Baka
0.01%,1,BAIXO
0.01%,1,BAIXAR
0.01%,1,baixar
0.01%,1,baixa
0.01%,1,Baile
0.01%,1,Bagulho
0.01%,1,BAFFI
0.01%,1,Badabes
0.01%,1,bad
0.01%,1,bacon
0.01%,1,bach
0.01%,1,BABY
0.01%,1,babes
0.01%,1,babbanananam
0.01%,1,Babataaaa
0.01%,1,Babata
0.01%,1,babaca
0.01%,1,Baa
0.01%,1,BA
0.01%,1,Ba
0.01%,1,AZ
0.01%,1,Ayooo
0.01%,1,Avistei
0.01%,1,Avisar
0.01%,1,avisar
0.01%,1,aventureira
0.01%,1,aveeeee
0.01%,1,Avante
0.01%,1,AV
0.01%,1,aumento
0.01%,1,aumentar
0.01%,1,AUDIO
0.01%,1,atraso
0.01%,1,ativar
0.01%,1,Atirei
0.01%,1,Aten
0.01%,1,ATE
0.01%,1,atac
0.01%,1,asterisco
0.01%,1,assuncion
0.01%,1,asssss
0.01%,1,ASSSS
0.01%,1,assistino
0.01%,1,assinou
0.01%,1,assinaturadafolha
0.01%,1,assin
0.01%,1,ASSIM
0.01%,1,asiaticando
0.01%,1,Asi
0.01%,1,Ashuashuashuashua
0.01%,1,asfjhgdfljhd
0.01%,1,Asdfghjkl
0.01%,1,asdasfd
0.01%,1,asda
0.01%,1,artificial
0.01%,1,Arroxa
0.01%,1,arrocha
0.01%,1,arrependeu
0.01%,1,arrazou
0.01%,1,ARRAZA
0.01%,1,Arrasou
0.01%,1,arrasando
0.01%,1,arranjo
0.01%,1,Armindinha
0.01%,1,arff
0.01%,1,archlinux
0.01%,1,aranha
0.01%,1,aquilo
0.01%,1,aquele
0.01%,1,Aq
0.01%,1,aq
0.01%,1,APROVEITA
0.01%,1,apreciar
0.01%,1,Aprauzos
0.01%,1,appareat
0.01%,1,aposentar
0.01%,1,apok
0.01%,1,aplay
0.01%,1,aplausos
0.01%,1,Apita
0.01%,1,apfelstrudel
0.01%,1,Apesr
0.01%,1,Apertei
0.01%,1,apertar
0.01%,1,apelido
0.01%,1,apar
0.01%,1,apaixonadxs
0.01%,1,apaixonado
0.01%,1,APAIXO
0.01%,1,apagar
0.01%,1,Aooooooo
0.01%,1,Aoooooo
0.01%,1,Aooo
0.01%,1,anywhere
0.01%,1,anybody
0.01%,1,Antonio
0.01%,1,antivirus
0.01%,1,Antissocial
0.01%,1,antisocial
0.01%,1,antes
0.01%,1,ANT
0.01%,1,anppom
0.01%,1,anons
0.01%,1,anonimato
0.01%,1,anonima
0.01%,1,Anna
0.01%,1,ANIVERS
0.01%,1,Aninhaaa
0.01%,1,animar
0.01%,1,animando
0.01%,1,Anhembi
0.01%,1,anexo
0.01%,1,Android
0.01%,1,anananananananananan
0.01%,1,amourrrr
0.01%,1,AmoraAmiga
0.01%,1,AMOR
0.01%,1,amoe
0.01%,1,amizade
0.01%,1,amiga
0.01%,1,americans
0.01%,1,ameacar
0.01%,1,amea
0.01%,1,amarela
0.01%,1,amanha
0.01%,1,Amamos
0.01%,1,Amado
0.01%,1,amado
0.01%,1,AM
0.01%,1,Alou
0.01%,1,aloooop
0.01%,1,alok
0.01%,1,ALO
0.01%,1,almo
0.01%,1,all
0.01%,1,Aliteracao
0.01%,1,aline
0.01%,1,alien
0.01%,1,Alice
0.01%,1,alice
0.01%,1,ALIAS
0.01%,1,alhures
0.01%,1,alheios
0.01%,1,algum
0.01%,1,ALGU
0.01%,1,Alevam
0.01%,1,aleatorio
0.01%,1,ALCKMIN
0.01%,1,alckmin
0.01%,1,Akukao
0.01%,1,Akksjd
0.01%,1,akkksdjjf
0.01%,1,Aki
0.01%,1,Akakakakakaka
0.01%,1,AJUS
0.01%,1,ajuda
0.01%,1,Ajsjjsk
0.01%,1,ajr
0.01%,1,Aiiii
0.01%,1,aiieiaiaieiaieoai
0.01%,1,aih
0.01%,1,aibque
0.01%,1,Aiaiaiaiaiaiaiaiaiaiaiaiaiaiaia
0.01%,1,Aiai
0.01%,1,Ai
0.01%,1,ahuahauhauah
0.01%,1,Ahsg
0.01%,1,ahsdjhf
0.01%,1,Ahn
0.01%,1,AHHHHHHH
0.01%,1,ahhhh
0.01%,1,Ahh
0.01%,1,Ahfjfjg
0.01%,1,Ahdnrocneis
0.01%,1,Ahazani
0.01%,1,ahazani
0.01%,1,ahaza
0.01%,1,Ahauhauahahahauua
0.01%,1,ahaahahaahahaahahaahahaahahsssssss
0.01%,1,Ahaaaa
0.01%,1,AGUENTO
0.01%,1,AGS
0.01%,1,AgRg
0.01%,1,agradecer
0.01%,1,Agradecemos
0.01%,1,Ag
0.01%,1,After
0.01%,1,Afsss
0.01%,1,affraid
0.01%,1,AF
0.01%,1,aewwwww
0.01%,1,Aewwee
0.01%,1,aeroporto
0.01%,1,aeree
0.01%,1,Aere
0.01%,1,Aeeewwwww
0.01%,1,aeeenrifn
0.01%,1,aeeeeeeeeee
0.01%,1,Aeeeeeee
0.01%,1,AEEEEEE
0.01%,1,Aeeeeee
0.01%,1,aeeee
0.01%,1,Aeee3ee3
0.01%,1,Aeee
0.01%,1,aeee
0.01%,1,aee
0.01%,1,AE
0.01%,1,Ae
0.01%,1,adverte
0.01%,1,ADOREI
0.01%,1,ADORA
0.01%,1,Ado
0.01%,1,ado
0.01%,1,Adnight
0.01%,1,Adnamjunior
0.01%,1,adnam
0.01%,1,Adelle
0.01%,1,Add
0.01%,1,AdaCode
0.01%,1,adacode
0.01%,1,ADA
0.01%,1,acordar
0.01%,1,Acordaaaaaaaaa
0.01%,1,Acordaaaaaaaa
0.01%,1,ACORDAAAAAAA
0.01%,1,Acordaaaaaaa
0.01%,1,ACORDAAAAAA
0.01%,1,ACORDAAA
0.01%,1,aconteceu
0.01%,1,ACODDA
0.01%,1,acisa
0.01%,1,Acho
0.01%,1,Achei
0.01%,1,achando
0.01%,1,acerta
0.01%,1,ACEROLA
0.01%,1,acaraj
0.01%,1,acaboujessika
0.01%,1,acabanu
0.01%,1,acaba
0.01%,1,AC
0.01%,1,abund
0.01%,1,abriuuu
0.01%,1,abrir
0.01%,1,ABRE
0.01%,1,ABRAPEM
0.01%,1,ableton
0.01%,1,abesssstadossss
0.01%,1,abduzido
0.01%,1,abcdefghijk
0.01%,1,abaixadinha
0.01%,1,abaixa
0.01%,1,aasdtre133
0.01%,1,AASASA
0.01%,1,Aas
0.01%,1,aaron
0.01%,1,Aahhhhh
0.01%,1,Aaasszzzzzzzz
0.01%,1,AAAMMMMEMEMEME
0.01%,1,AAAHFIFI
0.01%,1,Aaaasaaaaa
0.01%,1,Aaaas
0.01%,1,AAAAOOOOOAAAAA
0.01%,1,Aaaaaaaaahhg
0.01%,1,Aaaaaaaaaah
0.01%,1,aaaaaAaaaaaaaaaaaaaaa
0.01%,1,AAAAAAAAAAAAAAAAAA
0.01%,1,aaaaaaaaaaaaaaaaaa
0.01%,1,aaaaaaaaaaaaaaaaa
0.01%,1,Aaaaaaaaaaaaaa
0.01%,1,aaaaaaaaaaaaaa
0.01%,1,Aaaaaaaaaaaaa
0.01%,1,Aaaaaaaaaaaa
0.01%,1,Aaaaaaaaaa
0.01%,1,AAAAAAAAA
0.01%,1,Aaaaaaaa
0.01%,1,Aaaaaaa
0.01%,1,aaaaaaa
0.01%,1,AAAAA
0.01%,1,aaaaa
0.01%,1,AAAA
0.01%,1,9z
0.01%,1,9nha
0.01%,1,9dads
0.01%,1,9999999jdjjdjdujfoqj8euj9qifjf8widuciwjwi72jrdfhghdiwkfuifiwjfuueifg
0.01%,1,99999999
0.01%,1,9999999
0.01%,1,9999
0.01%,1,"9,99E+14"
0.01%,1,9876778976
0.01%,1,9494
0.01%,1,945
0.01%,1,94
0.01%,1,93
0.01%,1,"9,27E+12"
0.01%,1,92
0.01%,1,8o3udjw83jfhjfd
0.01%,1,89898989
0.01%,1,894
0.01%,1,8893
0.01%,1,8890
0.01%,1,"8,89E+21"
0.01%,1,888888
0.01%,1,8888801
0.01%,1,87
0.01%,1,86278289uwhf
0.01%,1,84
0.01%,1,838
0.01%,1,7895
0.01%,1,7886
0.01%,1,78
0.01%,1,777uu
0.01%,1,768907654
0.01%,1,76263944
0.01%,1,743
0.01%,1,74289191
0.01%,1,74
0.01%,1,7167483idjbdf
0.01%,1,7112
0.01%,1,67
0.01%,1,667
0.01%,1,"6,67E+23"
0.01%,1,666666
0.01%,1,6656
0.01%,1,6558
0.01%,1,6495
0.01%,1,64643737366
0.01%,1,64
0.01%,1,60
0.01%,1,5tttttttttttttt
0.01%,1,5h
0.01%,1,58439
0.01%,1,"5,56E+11"
0.01%,1,55555555
0.01%,1,5555555
0.01%,1,55555
0.01%,1,5555
0.01%,1,555
0.01%,1,54846
0.01%,1,53ofkd
0.01%,1,53
0.01%,1,4rrrrrrrrrrrrrrr
0.01%,1,4927
0.01%,1,49
0.01%,1,48
0.01%,1,4758
0.01%,1,4616
0.01%,1,"4,44E+13"
0.01%,1,44444444
0.01%,1,44444
0.01%,1,436
0.01%,1,40
0.01%,1,3B
0.01%,1,39494584
0.01%,1,383
0.01%,1,35
0.01%,1,34
0.01%,1,335
0.01%,1,"3,33E+16"
0.01%,1,33333333333
0.01%,1,33333321
0.01%,1,3333
0.01%,1,31
0.01%,1,30px
0.01%,1,"2,84E+22"
0.01%,1,28
0.01%,1,259
0.01%,1,258
0.01%,1,"2,58E+13"
0.01%,1,"2,31E+15"
0.01%,1,223
0.01%,1,20h
0.01%,1,208
0.01%,1,2046
0.01%,1,1qqq1qqq1
0.01%,1,1h
0.01%,1,1968
0.01%,1,19268
0.01%,1,18
0.01%,1,"1,72E+18"
0.01%,1,"1,60E+15"
0.01%,1,16
0.01%,1,141515251
0.01%,1,13
0.01%,1,127
0.01%,1,12398
0.01%,1,12345678
0.01%,1,123344
0.01%,1,1233343344
0.01%,1,123
0.01%,1,122333
0.01%,1,"1,21E+11"
0.01%,1,12121212
0.01%,1,1111222
0.01%,1,111112222
0.01%,1,"1,11E+19"
0.01%,1,"1,11E+14"
0.01%,1,111111111
0.01%,1,11111111
0.01%,1,111111
0.01%,1,11111
0.01%,1,10mil
0.01%,1,1001
0.01%,1,0Putscats
0.01%,1,"9,42E+25"
0.01%,1,9
0.01%,1,8
0.01%,1,46
0.01%,1,"1,93E+16"
0.01%,1,1010101010
0.01%,1,1
0.01%,1,19
0.01%,1,1111
0.01%,1,0
0.01%,1,0