,,,random,patterns,single characteres,onomatopaic,phatic,metalinguistical,someone,political,comic,statements,html/command,emoticon,senseless,slogans,questions,bully,demanding,egoic,complaint,love,humour,musical,support
0,1,a,,,x,,,,,,,,,,x,,,,,,,,,,
3,2,A,,,x,,,,,,,,,,x,,,,,,,,,,
0,3,sdgsdgdgsg,,x,,,,,,,,,,,x,,,,,,,,,,
0,4,a,,,x,,,,,,,,,,x,,,,,,,,,,
0,5,192.168.0.101:8080,,,,,,x,,,,,,,,,,,,,,,,,
0,6,Earth is flat,,,,,,,,,,x,,,,,,,,,,,,,
0,7,Bingo!,,,,x,,,,,,,,,,,,,,,,,,,x
0,8,Gogogo,,x,,,,,,,,,,,,,,,,,,,,,x
0,9,Ahauhauahahahauua,,,,,,,,,x,,,,,,,,,,,,,,
0,10,alguÃ©m quer tc?,,,,,x,,,,,,,,,,,,,,,,,,
0,11,Tunks tunks tunks tunks tunks,,,,x,,,,,,,,,,,,,,,,,,x,
0,12,Opa,,,,,x,,,,,,,,,,,,,,,,,,
0,13,hi,,,,,x,,,,,,,,,,,,,,,,,,
0,14,Oi,,,,,x,,,,,,,,,,,,,,,,,,
0,15,lare lare lare lare lare lare,,x,,,,,,,,,,,,,,,,,,,,x,
0,16,gi,x,,,,,,,,,,,,x,,,,,,,,,,
0,17,Putz putz,,,,x,,,,,,,,,,,,,,,,,,x,
0,18,Irraaaaaaaa,,,,x,,,,,,,,,,,,,,,,,,,x
0,19,ahhhh safada,,,,,,,,,x,,,,,,,,,,,,,,x
0,20,looooooooooooooooooon,,x,,,,,,,,,,,,,,,,,,,x,x,
0,21,fida,x,,,,,,,,,,,,,,,,,,,,,,x
0,22,FORA TEMER,,,,,,,,x,,,,,,x,,,,,,,,,
0,23,Tum BA tss,,,,x,,,,,,,,,,,,,,,,,,x,
0,24,:):),,,,,,,,,,,,x,,,,,,,,,,,x
0,25,foda,,,,,,x,,,,,,,,,,,,,,,,,x
0,26,Earth is Flat,,,,,,,,,,x,,,,x,,,,,,,,,
0,27,Feliz aniversÃ¡rio DJ!!!,,,,,,,x,,,,,,,,,,,,,,,,x
0,28,yes,,,,,,,,,,x,,,,,,,,,,,,,x
0,29,),,,,,,,,,,,,x,x,,,,,,,,,,
0,30,parabens,,,,,,,,,,x,,,,,,,,,,,,,x
0,31,Hihi!!,,,,,,,,,x,,,,,,,,,,,,,,
0,32,ParabÃ©ns  pra voce,,,,,,,,,,x,,,,,,,,,,,,,x
0,33,Huahauhauahja,,,,,,,,,x,,,,,,,,,,,,,,
0,34,felicidades,,,,,,,,,,x,,,,,,,,,,,,,x
0,35,DJ is on the room,,,,,,,,,x,,,,,,,,,,,,,,
0,36,AE PARABÃ‰NS,,,,,,x,,,,,,,,,,,,,,,,,x
0,37,Nessa data querida,,,,,,,,,,x,,,,,,,,,,,,,x
0,38,kkkk,,,,,,,,,x,,,,,,,,,,,,,,
0,39,pizza,,,,,,,,,,x,,,,,,,,,,,x,,
0,40,###,,x,,,,,,,,,,,x,,,,,,,,,,
0,41,kkkk,,,,,,,,,x,,,,,,,,,,,,,,
0,42,$$$,,x,,,,,,,,,,,x,,,,,,,,,,
0,43,Hahahaha,,,,,,,,,x,,,,,,,,,,,,,,
0,44,pom,,,,x,,,,,,,,,,,,,,,,,,x,
0,45,$,,,x,,,,,,,,,,x,,,,,,,,,,
0,46,pom,,,,x,,,,,,,,,,,,,,,,,,x,
0,47,Feliz aniversÃ¡rio !!!!,,,,,,,,,,x,,,,,,,,,,,,,x
0,48,Ã”ooooooooooooooooooooooooooo,,,,x,,,,,,,,,,,,,,,,,,x,
0,49,pom,,,,x,,,,,,,,,,,,,,,,,,x,
0,50,money,,,,,,,,,,x,,,,x,,,,,,,,,
0,51,Tommy can you hear me?,,,,,,,,,,x,,,,,,,,,,,x,,
0,52,&,,,x,,,,,,,,,,x,,,,,,,,,,
0,53,-,,,x,,,,,,,,,,x,,,,,,,,,,
0,54,#ERROR!,x,,,,,,,,,,,,,,,,,,,,,,x
0,55,pom,,,,x,,,,,,,,,,,,,,,,,,x,
0,56,(),,,,,,,,,,,,x,x,,,,,,,,,,
0,57,moneey,,,,,,,,,,x,,,,x,,,,,,,,,
0,58,Cloud,,,,,,,,,,x,,,,x,,,,,,,,,
0,59,bbbbb,,x,,,,,,,,,,,x,,,,,,,,,,
0,60,Uhu!!!,,,,x,,,,,,,,,,,,,,,,,,,x
0,61,Uuhhhhuuuuu,,,,x,,,,,,,,,,,,,,,,,,,x
0,62,0,,,x,,,,,,,,,,x,,,,,,,,,,
0,63,hiiiiii,,,,,x,,,,,,,,,,,,,,,,,,x
0,64,MarthaÂ¡!!!!!!!!,,,,,,,x,,,,,,,,,,,,,,,,x
0,65,Pa pa,,,,x,,,,,,,,,,,,,,,,,,,
0,66,Tem doh,,,,,,,,,,x,,,,,,,,,x,,,,
0,67,888,,x,,,,,,,,,,,x,,,,,,,,,,
0,68,Aaaaa,,x,,,,,,,,,,,x,,,,,,,,,,
0,69,111,,x,,,,,,,,,,,x,,,,,,,,,,
0,70,Is there anybody out there?,,,,,x,,,,,,,,,,,,,,,,,,
0,71,robsin,x,,,,,,,,,,,,,,,,,x,,,,,
0,72,//do not run,,,,,,,,,,x,,,,,,,x,,,,,,
0,73,Â§Â§Â§Â§Â§Â§Â§Â§Â§Â§Â§Â§Â§Â§Â§Â§Â§,,x,,,,,,,,,,,x,,,,,,,,,,
0,74,ggggg,,x,,,,,,,,,,,x,,,,,,,,,,
0,75,444,,x,,,,,,,,,,,x,,,,,,,,,,
0,76,blÃ©Ã©Ã©,,,,x,,,,,,,,,,,,,,,x,,,,
0,77,Fuck :(,,,,,,,,,,x,,,,,,,,,x,,,,
0,78,O cowboy vai te pegar!!!,,,,,,,,,,x,,,,,,,,,,,x,,
2,79,yyyytt,,x,,,,,,,,,,,x,,,,,,,,,,
2,80,Tenho fome,,,,,,,,,,x,,,,,,,x,,,,,,
2,81,^^/,,,,,,,,,,,,x,x,,,,,,,,,,
2,82,Ppp,,x,,,,,,,,,,,x,,,,,,,,,,
2,83,**,,x,,,,,,,,,,,x,,,,,,,,,,
2,84,Ah ah ah,,,,x,,,,,,,,,,,,,,,,,x,,x
2,85,Ding,,,,x,,,,,,,,,,,,,,,,,,x,
2,86,@$&*)@,x,,,,,,,,,,,,x,,,,,,,,,,
2,87,......,,x,,,,,,,,,,,x,,,,,,,,,,
2,88,||iqy3qetqw7q8;~Â´3,x,,,,,,,,,,,,x,,,,,,,,,,
2,89,Dong,,,,x,,,,,,,,,,,,,,,,,,x,
2,90,Huahuahu,,,,,,,,,x,,,,,,,,,,,,,,
2,91,@@@@@@,x,,,,,,,,,,,,x,,,,,,,,,,
2,92,Dhdhsh,,x,,,,,,,,,,,x,,,,,,,,,,
2,93,Hajhajahajahahsjsha,,,,,,,,,x,,,,,,,,,,,,,,
2,94,hsngry,x,,,,,,,,,,,,x,,,,,,,,,,
2,95,Bazinga,,,,,,,,,x,,,,,,,,,,,,,,
2,96,$$$$$$,,x,,,,,,,,,,,x,,,,,,,,,,
2,97,Â¥Â¥Â¥Â¥Â¥Â¥Â¥Â¥Â¥Â¥Â¥â‚¬â‚¬â‚¬â‚¬â‚¬â‚¬â‚¬â‚¬â‚¬â‚¬â‚¬,,x,,,,,,,,,,,x,,,,,,,,,,
2,98,;<[}] <{>{Â¦{>[,x,,,,,,,,,,,,x,,,,,,,,,,
2,99,@#&&,x,,,,,,,,,,,,x,,,,,,,,,,
2,100,Bazinga,,,,,,,,,,x,,,,,,,,,,,x,,
2,101,ffffffdscvh,x,,,,,,,,,,,,x,,,,,,,,,,
2,102,Vamos tomar umas,,,,,,,,,,x,,,,,,,x,,,,,,
2,103,12398]DALILA982137438134819}[Â´~,x,,,,,,,,,,,,x,,,,,,,,,,
2,104,Â¿Â¡Â¡Â¡>~â‚¬^[<;<{>] >[>[,x,,,,,,,,,,,,x,,,,,,,,,,
2,105,Bazinga,,,,,,,,,,x,,,,,,,,,,,x,,
2,106,lala,,,,x,,,,,,,,,,,,,,,,,,x,
2,107,8893 is prime,,,,,,,,,,x,,,x,,,,,,,,,,
2,108,"}^â‚¬'â‚¬Â§â‚¬Â§â‚¬^â‚¬Â§Â£'â‚¬~â‚¬Â§Â£\\\""'Â£Â§\\\\'Â£\\\""Â£",x,,,,,,,,,,,,x,,,,,,,,,,
2,109,!!!!!!!!!!!!!,,x,,,,,,,,,,,x,,,,,,,,,,
2,110,Xxxxxx,,x,,,,,,,,,,,x,,,,,,,,,,
2,111,lala here,,,,,,,,,,x,,,,,,,,x,,,,,
2,112,Ã·Ã·Ã·Ã·Ã·Ã·Ã·,,x,,,,,,,,,,,x,,,,,,,,,,
2,113,;523@\#$@7112]12,x,,,,,,,,,,,,x,,,,,,,,,,
2,114,Xxxxxzz xxxxx z,,x,,,,,,,,,,,x,,,,,,,,,,
2,115,aaaaaa,,x,,,,,,,,,,,x,,,,,,,,,,
2,116,bbbbbb,,x,,,,,,,,,,,x,,,,,,,,,,
2,117,ggggg,,x,,,,,,,,,,,x,,,,,,,,,,
2,118,42,x,,,,,,,,,,,,x,,,,,,,,,,
2,119,ccccc,,x,,,,,,,,,,,x,,,,,,,,,,
2,120,ZzzzzğŸ˜‚ğŸ˜‚ğŸ˜‚ğŸ˜‚,,,,x,,,,,,,,,,,,,,,x,,,,
2,121,djavan,,,,,,,x,,,,,,,,,,,,,,,x,
2,122,42,x,,,,,,,,,,,,x,,,,,,,,,,
2,123,Tttttt,,x,,,,,,,,,,,x,,,,,,,,,,
2,124,ğŸ˜‰ğŸ˜‰ğŸ˜‰ğŸ˜‰ğŸ˜‰,,,,,,,,,,,,x,,,,,,,,,,,x
2,125,Puts,,,,x,,,,,,,,,,,,,,,,,,x,
2,126,fffffs777777,x,,,,,,,,,,,,x,,,,,,,,,,
2,127,lulaaaaaa,,,,,,,,x,,,,,,x,,,,,,,,,
2,128,Kkkkkk,,,,,,,,,x,,,,,,,,,,,,,,
2,129,Ivete,,,,,,,x,,,,,,,,,,,,,,,x,
2,130,Amo voces,,,,,,,,,,x,,,,,,,,,,x,,,x
2,131,:(,,,,,,,,,,,,x,,,,,,,x,,,,
2,132,î‚˜î²î‚˜î²î‚˜î²î‚˜î²î‚˜î²,,x,,,,,,,,,,,x,,,,,,,,,,
2,133,Ã·>â‚¬Â©â‚¬Â©Â¥â„¢{^Ã·,x,,,,,,,,,,,,x,,,,,,,,,,
3,134,gente,,,,,x,,,,,,,,,,,,,,,,,,x
3,135,Hhhhh,,x,,,,,,,,,,,x,,,,,,,,,,
3,136,>:)>:) >:) >:) >:),,,,,,,,,,,,x,,,,,,,,,,,x
3,137,E os terceiro invadindo a ladeira,,,,,,,,,,x,,,x,,,,,,,,,,
3,138,Jshahja,,,,,,,,,x,,,,,,,,,,,,,,
3,139,bacana,,,,,,x,,,,,,,,,,,,,,,,,x
3,140,ğŸ˜œğŸ‘€ğŸŒ·ğŸ€a,,,,,,,,,,,,x,,,,,,,,,,,x
3,141,Hauaiaja,,,,,,,,,x,,,,,,,,,,,,,,
3,142,Olaaaa,,,,,x,,,,,,,,,,,,,,,,,,
3,143,wwwwwwww,,x,,,,,,,,,,,x,,,,,,,,,,
3,144,A meia do Rodrigo Ã© muito bonita!,,,,,,,x,,,,,,,,,,,,,,,,x
3,145,2~3[12~3[12Â´31]2~3],x,,,,,,,,,,,,x,,,,,,,,,,
3,146,7:7:$)/7/$/,x,,,,,,,,,,,,x,,,,,,,,,,
3,147,Jjkajankakaka,,,,,,,,,x,,,,,,,,,,,,,,
3,148,Solo de guitarra,,,,,,,,,,x,,,,,,,,,,,,x,
3,149,Pira pira piro,,,,,,x,,,,,,,,,,,,,,,,,x
3,150,MC dj,,,,,,,x,,,,,,,,,,,,,,,,x
3,151,Kkjjjjjj,,,,,,,,,x,,,,,,,,,,,,,,
3,152,ğŸ˜‡ğŸ˜‡ğŸ˜‡ğŸ˜‡ğŸ˜‡ğŸ˜‡,,,,,,,,,,,,x,,,,,,,,,,,x
3,153,Sample de guitarra,,,,,,x,,,,,,,,,,,,,,,,x,
3,154,fora temer,,,,,,,,x,,,,,,x,,,,,,,,,
3,155,ğŸ˜ŠğŸ˜ŠğŸ˜Š,,,,,,,,,,,,x,,,,,,,,,,,x
3,156,:),,,,,,,,,,,,x,,,,,,,,,,,x
3,157,SomHsjsjsja,x,,,,,,,,,,,,,,,,,,,,,x,
3,158,Soh gente doida aqui,,,,,,,,,,x,,,,,,,,,,,x,,
3,159,ğŸ˜‚ğŸ˜ğŸ˜€,,,,,,,,,,,,x,,,,,,,,,,,x
3,160,âœŒï¸âœŒï¸ğŸ‘ğŸ‘z,,,,,,,,,,,,x,,,,,,,,,,,x
3,161,##########\#@$@\#$@#%@$Â¨@###,,x,,,,,,,,,,,x,,,,,,,,,,
3,162,bbbbbb,,x,,,,,,,,,,,x,,,,,,,,,,
3,163,Jaspion,,,,,,,,,,x,,,,,,,,,,,x,,
3,164,))()))))((((()),,,,,,,,,,,,x,x,,,,,,,,,,
3,165,ğŸ·ğŸˆğŸ…ğŸ®ğŸ®ğŸ´ğŸ¦ğŸ´ğŸ´ğŸ¦ğŸƒğŸ¦ğŸ®ğŸ†ğŸ¦„,,,,,,,,,,,,x,,,,,,,,,,,x
3,166,192.168.0.101:8080,,,,,,x,,,,,,,,,,,,,,,,,
3,167,Cxxccxx,,x,,,,,,,,,,,x,,,,,,,,,,
3,168,55555555,,x,,,,,,,,,,,x,,,,,,,,,,
3,169,kkkkk,,,,,,,,,x,,,,,,,,,,,,,,
3,170,Solo interminÃ¡vel de bateria,,,,,,x,,,,,,,,,,,,,,,,x,
3,171,5)5)5)5=8=9),,,,,,,,,,,,x,x,,,,,,,,,,
3,172,"ğŸ‘ğŸğŸğŸ‘,ğŸğŸğŸŒ½ğŸŒ°ğŸ†ğŸğŸğŸ‰ğŸŠğŸğŸŒğŸ†ğŸŒ°ğŸ†ğŸŒ¶",,,,,,,,,,,,x,x,,,,,,,,,,
3,173,)5)5)8)8(8@8@5(%$=$=$%(%(,x,,,,,,,,,,,,x,,,,,,,,,,
3,174,"Bodo, pega aquilo ali no chÃ£o!",,,,,,,x,,,,,,,,,,,,,,,,x
3,175,fraco,,,,,,,,,,x,,,,,,,,,x,,,,
3,176,127.0.0.1,,,,,,x,,,,,,,x,,,,,,,,,,
3,177,Quem dera ser um peixe,,,,,,,,,,x,,,,,,,,,,,x,,
3,178,)(+(/@/(/@/(/@//@/@/@/@/74(45)(555>]>],x,,,,,,,,,,,,x,,,,,,,,,,
3,179,ğŸŒğŸŒğŸŒğŸ–ğŸ—¾ğŸ–ğŸ•ğŸŒ‹ğŸğŸŸğŸ—ğŸ—¾ğŸŸğŸ—ğŸœğŸ—ğŸŒ‹ğŸ—»ğŸ–,,,,,,,,,,,,x,x,,,,,,,,,,
3,180,Go home!,,,,,,,,,,x,,,,,,,x,,,,,,
3,181,Hdjshhahahahshja,,,,,,,,,x,,,,,,,,,,,,,,
3,182,dindindindindindindindindindindidnidnidnidnidnidndindind,,x,,,,,,,,,,,,,,,,,,,,x,
3,183,~(8(|),,,,,,,,,,,,x,x,,,,,,,,,,
3,184,Maluquice,,,,,,x,,,,,,,,,,,,,,,,,x
3,185,TOCA RAUL,,,,,,,,,,x,,,,,,,x,,,,,,
3,186,partiu,,,,,x,,,,,,,,,,,,,,,,,,x
3,187,Dig din,x,,,,,,,,,,,,,,,,,,,,,x,
3,188,D'OH,x,,,,,,,,,,,,x,,,,,,,,,,
3,189,Olha o Homer,,,,,,,,,x,,,,,,,,,,,,,,
3,190,Quieto!,,,,,,,,,,,x,,,,,,,,,,,x,
3,191,<(-_-)>,,,,,,,,,,,,x,x,,,,,,,,,,
3,192,ğŸŒğŸŒğŸŒ,,,,,,,,,,,,x,x,,,,,,,,,,
3,193,-------------------------------------------------------------------------,,x,,,,,,,,,,,x,,,,,,,,,,
3,194,Ding din ding din,,x,,,,,,,,,,,,,,,,,,,,x,
3,195,Pirapirapirou,x,,,,,,,,,,,,,,,,,,,,,x,x
3,196,toc toc. Who's there??,,,,,,,,,,x,,,,,x,,,,,,,,
3,197,Dj foi bacana,,,,,,,,,x,,,,,,,,,,,,,,
3,198,Roda roda vira solta mais nÃ£o vem me passaram a mÃ£o na bunda nas eu nÃ£o comi ninguÃ©m,,,,,,,,,,x,,,,,,,,,,,x,x,
3,199,ğŸ•§ğŸ•ğŸ•œğŸ•‘ğŸ•ğŸ•’ğŸ•ğŸ•“ğŸ•ŸğŸ•”ğŸ• ğŸ••ğŸ•¡,,,,,,,,,,,,x,x,,,,,,,,,,
3,200,â–’â–’â–’â–’â–’â–’â–’â–’â–’â–’â–’â–’â–’â–’â–’â–’â–’â–’â–’â–’â–’â–’â–’â–’â–’â–’â–’â–’â–’â–’â–’â–’â–’â–’â–’â–’â–’â–’â–’â–’,,x,,,,,,,,,,,x,,,,,,,,,,
3,201,heyyyyyy,,,,,x,,,,,,,,x,,,,,,,,,,
3,202,Piano!,,,,,,,,,,,x,,,,,,,,,,,x,
3,203,Â¶Â¶Â¶Â¶Â¶,,x,,,,,,,,,,,x,,,,,,,,,,
3,204,menores aqui,,,,,,,,,,x,,,,x,,,,,,,,,
3,205,ğŸˆâš½ğŸğŸâœ¨ğŸğŸŠğŸğŸ‹ğŸğŸ„ğŸğŸ‹,,,,,,,,,,,,x,x,,,,,,,,,,
3,206,!!!!!!!!!!!!!!!!!!!,,x,,,,,,,,,,,x,,,,,,,,,,
3,207,Moonwalker,,,,,,,,,,x,,,,,,,,,x,,,,
3,208,dog barks au au au,,,,x,,,,,,,,,,,,,,,,,x,,
3,209,Mezzo!,,,,,,,,,,,x,,,,,,,,,,,x,
3,210,Gostei da brincadeira,,,,,,x,,,,,,,,,,,,,,,,,x
3,211,yujuuuuu,,x,,,,,,,,,,,x,,,,,,,,,,
3,212,#ERROR!,,,,,,,,,,,,x,,,,,,,,,,,x
3,213,Kkkkkkk,,,,,,,,,x,,,,,,,,,,,,,,
3,214,Minha pistola e plastico,,,,,,,,,,x,,,,,,,,,,,x,x,
3,215,e9fa8dbadf84caa2a7f58e992ba84e8f,x,,,,,,,,,,,,x,,,,,,,,,,
3,216,A lua me traiu,,,,,,,,,,x,,,,,,,,,,,x,,
3,217,Dani Black tambÃ©m foi indicado,,,,,,,,,,x,,,,,,,,,,,x,,
3,218,muito legal,,,,,,x,,,,,,,,,,,,,,,,,x
3,219,De novo de novo de novo,,,,,,,,,,x,,,,,,,,,,,,,x
3,220,x1,x,,,,,,,,,,,,x,,,,,,,,,,
3,221,123,x,,,,,,,,,,,,x,,,,,,,,,,
3,222,Solo Chimbinha,,,,,,,,,,x,,,,,,,,,,,,x,
3,223,ã…ã…ã…Œã…ã…‡ã…ã„´ã…ì–´ì–´ì˜¨,x,,,,,,,,,,,,x,,,,,,,,,,
3,224,CS Ã© o melhor FPS,,,,,,,,,,x,,,,x,,,,,,,,,
3,225,ã…ã…Œã…ã…‡ã…ã„´ã…ì–´ì–´ì˜¨ã…ã…Œã…ã…‡ã…ã„´ã…ì–´ì–´ì˜¨,x,,,,,,,,,,,,x,,,,,,,,,,
3,226,ã…–ã…ã…—ã……ã„±ã…ˆã…ƒã„´ã…‡í•˜ã…ã…£í‰…ã…ã„´ë ,x,,,,,,,,,,,,x,,,,,,,,,,
3,227,Head shot,x,,,,,,,,,,,,,,,,,,x,,,,
3,228,Um rooooobocop gay,,,,,,,,,,x,,,,,,,,,,,x,,
3,229,calor,,,,,,,,,,x,,,,,,,,,x,,,,
3,230,Beijinho no ombro,,,,,,,,,,x,,,,,,,,,,,x,,
3,231,AÃ­ mano,,,,,x,,,,,,,,,,,,,,,,,,x
3,232,Viva Bolsonaro,,,,,,,,x,,,,,,x,,,,,,,,,
3,233,((((00000,,x,,,,,,,,,,,x,,,,,,,,,,
3,234,wow,,,,,,x,,,,,,,,,,,,,,,,,x
3,235,Bolsomito,,,,,,,,x,,,,,,x,,,,,,,,,
3,236,Crossfire FTW,,,,,,,,,,x,,,,x,,,,,,,,,
3,237,quem eh essa lala aih?,,,,,,,x,,,,,,,,,,,,,,,,x
1,238,Haaaaa eu sei eu sei,,,,,,,,,x,,,,,,,,,,,,,,
1,239,094209384093274809128409128,x,,,,,,,,,,,,x,,,,,,,,,,
1,240,Vrummm,,,,x,,,,,,,,,,,,,,,,,,x,
1,241,Bosonazi,,,,,,,,x,,,,,,x,,,,,,,,,
1,242,thinkie winkie,,,,x,,,,,,,,,,,,,,,,,x,,
1,243,cuba!!!!,,,,,,,,x,,,,,,x,,,,,,,x,,
1,244,dipsy,,,,,,,,,,x,,,,,,,,,,,x,,
1,245,ğŸ“£ğŸ·ğŸ¸ğŸ¹ğŸºğŸ»ğŸ§ğŸ¤ğŸ¶ğŸ“±ğŸ“²â˜ğŸ“ğŸ“ ğŸ”‹ğŸ’¾ğŸ’½ğŸ’»ğŸ”ŒğŸ¬ğŸ“·,,,,,,,,,,,,x,x,,,,,,,,,,
1,246,Solta o som dj,,,,,,,x,,,,,,,,,,x,,,,,,
2,247,à¤µà¥à¤¦à¤œà¤¦à¥à¤µà¤¿à¤…à¤•à¤§à¥‡à¤‰à¤,x,,,,,,,,,,,,x,,,,,,,,,,
2,248,solta o dj som,,,,,,,x,,,,,,,,,,x,,,,,,
2,249,Solta o sample de guitarra!,,,,,,x,,,,,,,,,,,x,,,,,,
2,250,Dagsgs,x,,,,,,,,,,,,x,,,,,,,,,,
2,251,Manoooooo,,,,,x,,,,,,,,,,,,,,,,,,x
2,252,no please,,,,,,,,,,x,,,,,,,,,x,,,,
2,253,Som!,,,,,,,,,,,x,,,,,,,,,,,x,
2,254,dah pra entender muito mais essa musica do que a dos cara de antes,,,,,,x,,,,,,,,,,,,,,,,,x
2,255,â¬‡â¬…â¬†â¡â¬‡â¬…â¬†â¡,,,,,,,,,,,,x,x,,,,,,,,,,
2,256,Larguei as dorgas,,,,,,,,,,x,,,,,,,,x,,,,,
2,257,nooooooo,,,,,,,,,,x,,,,,,,,,x,,,,
2,258,11222,,x,,,,,,,,,,,x,,,,,,,,,,
2,259,9 de ouros,x,,,,,,,,,,,,,,,,,,,,x,,
2,260,Gsjsjjs,x,,,,,,,,,,,,x,,,,,,,,,,
2,261,Chupa q Ã¨ de uva,,,,,,,,,,x,,,,,,,,,,,x,,
2,262,"Lala nÃ£o existe, Ã© virtual ğŸ˜...",,,,,,,x,,,,,,,,,x,,,,,,,
2,263,Tuts tuts tuts,,,,x,,,,,,,,,,,,,,,,,,x,
2,264,ğŸ”™ğŸ”šğŸ”›ğŸ”œğŸ”ğŸ”™ğŸ”šğŸ”›ğŸ”œğŸ”,,,,,,,,,,,,x,x,,,,,,,,,,
2,265,"ğŸ”™ğŸ”šğŸ”›ğŸ”œğŸ”ğŸ”™ğŸ”šğŸ”›ğŸ”œğŸ”  Tuts tuts tuts  Lala nÃ£o existe, Ã© virtual ğŸ˜...  Chupa q Ã¨ de uva  Gsjsjjs  9 de ouros  11222  nooooooo  Larguei as d",,,,,,,,,,x,,,x,,,,,,,,,,
2,266,âš›âœ¡ğŸ”¯â˜®â˜ªâ˜¦âœâ˜¯â˜¸,,,,,,,,,,,,x,x,,,,,,,,,,
2,267,Truco marreco,,,,,,,,,,x,,,,,,,,,,,x,,
2,268,kkkk,,,,,,,,,x,,,,,,,,,,,,,,
2,269,â˜¯â˜¯â˜¯â˜¯â˜¯â˜¯â˜¯â˜¯â˜¯â˜¯,,,,,,,,,,,,x,x,,,,,,,,,,
2,270,COEXIST,,,,,,,,,,x,,,,x,,,,,,,,,
2,271,"â˜¯â˜¯â˜¯â˜¯â˜¯â˜¯â˜¯â˜¯â˜¯â˜¯  kkkk  Truco marreco  âš›âœ¡ğŸ”¯â˜®â˜ªâ˜¦âœâ˜¯â˜¸  ğŸ”™ğŸ”šğŸ”›ğŸ”œğŸ”ğŸ”™ğŸ”šğŸ”›ğŸ”œğŸ” Tuts tuts tuts Lala nÃ£o existe, Ã© virtual ğŸ˜... Chupa q Ã¨ de uva Gsjsjjs",,,,,,,,,x,,,,,,,,,,,,,,
2,272,666 iluminati,,,,,,,,,,x,,,,x,,,,,,,,,
2,273,Mensagem,,,,,,,,,,x,,,,x,,,,,,,,,
2,274,$$Â£â‚¬Â¥,x,,,,,,,,,,,,x,,,,,,,,,,
2,275,Bridge pareado?,,,,,,,,,,x,,,,,x,,,,,,,,
2,276,ğŸ‡¦ğŸ‡©ğŸ‡¦ğŸ‡ªğŸ‡¦ğŸ‡«ğŸ‡¦ğŸ‡¬ğŸ‡¦ğŸ‡®ğŸ‡¦ğŸ‡±ğŸ‡¦ğŸ‡²ğŸ‡¦ğŸ‡½ğŸ‡¦ğŸ‡¼ğŸ‡¦ğŸ‡ºğŸ‡¦ğŸ‡¹ğŸ‡¦ğŸ‡¸ğŸ‡¦ğŸ‡·ğŸ‡¦ğŸ‡´ğŸ‡¦ğŸ‡¿ğŸ‡§ğŸ‡¦ğŸ‡§ğŸ‡§ğŸ‡§ğŸ‡©ğŸ‡§ğŸ‡ªğŸ‡§ğŸ‡«,,,,,,,,,,,,x,x,,,,,,,,,,
0,277,1111,,x,,,,,,,,,,,x,,,,,,,,,,
0,278,ğŸğŸ±ğŸ±ğŸ±ğŸ±ğŸ±ğŸ±ğŸ±ğŸ±ğŸ±ğŸ±ğŸ±ğŸ±ğŸ±ğŸ±ğŸ±ğŸ±ğŸ‰ğŸ‰ğŸ‰ğŸ‰ğŸ‰ğŸ‰ğŸ‰ğŸ‰ğŸ‰ğŸ‰âš½âš½âš½âš½âš½âš½âš½âš½ğŸŒğŸŒğŸŒğŸŒğŸŒğŸŒğŸŒğŸŒğŸ£ğŸ£ğŸ£ğŸ£,,,,,,,,,,,,x,x,,,,,,,,,,
0,279,Ah se eu te pego . Ah ah se eu te pego !,,,,,,,,,,x,,,,,,,,,,x,,,
0,280,melhor som,,,,,,x,,,,,,,,,,,,,,,,,x
0,281,@#=@=(+(+@///@5)6)5=55)6),x,,,,,,,,,,,,x,,,,,,,,,,
0,282,192.168.0.1,,,,,,x,,,,,,,,,,,,,,,,,
0,283,Fora Temer,,,,,,,,x,,,,,,x,,,,,,,,,
0,284,admin/admin,,,,,,,,,,x,,,,x,,,,,,,,,
0,285,141515251,x,,,,,,,,,,,,x,,,,,,,,,,
0,286,&$$$,,x,,,,,,,,,,,x,,,,,,,,,,
0,287,agora toca ao contrÃ¡rio,,,,,,x,,,,,,,,,,,,,,,x,,
0,288,fora,,,,,,,,x,,,,,,x,,,,,,,,,
0,289,"gente, isso Ã© arte, vamos ser mais sÃ©rios",,,,,,x,,,,,,,,,,,x,,,,,,
0,290,Kakakja,,,,,,,,,x,,,,,,,,,,,,,,
0,291,Lllll,,x,,,,,,,,,,,x,,,,,,,,,,
0,292,kkkk,,,,,,,,,x,,,,,,,,,,,,,,
0,293,F1,x,,,,,,,,,,,,x,,,,,,,,,,
0,294,help!,,,,,,,,,,x,,,,,,,x,,,,,,
0,295,ğŸ¦ƒ,,,,,,,,,,,,x,x,,,,,,,,,,
0,296,xuxa Ã© o exu,,,,,,,,,,x,,,,,,,,,,,x,,
0,297,Hahahaha,,,,,,,,,x,,,,,,,,,,,,,,
0,298,bateria ja era,,,,,,x,,,,,,,,,,,,,,,,,x
0,299,a de amor,,,,,,,,,,x,,,,x,,,,,,x,,,
0,300,chuchu Ã© fruta,,,,,,,,,x,,,,,,,,,,,,,,
0,301,TTTtTt,,x,,,,,,,,,,,x,,,,,,,,,,
0,302,pvt por favor,,,,,,,,,,x,,,,,,,x,,,,,,
0,303,Bota a mÃ£o no joelho dÃ¡ uma abaixadinha,,,,,,,,,,x,,,,,,,,,,,,x,
0,304,Bateu a onda forte,,,,,,,,,,x,,,,,,,,,,,,,x
0,305,2309490123849237@#R&!\#$Â¨(!#)Â¨%*&!)\#$_%Â¨!,x,,,,,,,,,,,,x,,,,,,,,,,
0,306,Kkkkk,,,,,,,,,x,,,,,,,,,,,,,,
0,307,Mais mais mais,,,,,,x,,,,,,,,,,,,,,,,,x
0,308,Olar,,,,,x,,,,,,,,,,,,,,,,x,,
0,309,Isso aqui Ã© coisa do capiroto,,,,,,x,,,,,,,,,,,,,,,x,,
0,310,alguÃ©m me passa op,,,,,,,,,,x,,,,,,,x,,,,,,
0,311,qual o critÃ©rio mesmo?,,,,,,x,,,,,,,,,x,,,,,,,,
0,312,chuchu Ã© o quarto estado da Ã¡gua,,,,,,,,,x,,,,,,,,,,,,,,
0,313,@&$/&-,x,,,,,,,,,,,,x,,,,,,,,,,
0,314,ai sim,,,,,,x,,,,,,,,,,,,,,,,,x
0,315,Pqp,,,,,,,,,,x,,,,,,,,,x,,,,
0,316,Soh nao abaixa se for o bodo,,,,,,,x,,,,,,,,,x,,,,,,,
0,317,",:,:,:,:,:",,x,,,,,,,,,,,x,,,,,,,,,,
0,318,(-_-)))))),,,,,,,,,,,,x,x,,,,,,,,,,
0,319,o primeiro estado da Ã¡gua Ã© o AC,,,,,,,,,,x,,,,,,,,,,,x,,
0,320,"Olar amigo, troca por uma bala de coco e uma rapadura?",,,,,,,,,x,,,,,,,,,,,,,,
3,321,SÃ³ que nÃ£o,,,,,,,,,,,,,,x,,,,,,,,,
3,322,boloooo,x,,,,,,,,,,,,,,,,,,,,x,,
3,323,raposa do cativar,,,,,,,,,,x,,,,,,,,,,,x,,
3,324,Kkkkkkkk,,,,,,,,,x,,,,,,,,,,,,,,
3,325,SÃ³ mais um pouquinho de uuuuuuuuu...,,,,,,,,,,x,,,,,,,x,,,,,,
3,326,Quer tc?,,,,,x,,,,,,,,,,,,,,,,,,
3,327,xadrez aleatorio,,,,,,,,,,x,,,,,,,,,x,,,,
3,328,Eu poderia estar matando,,,,,,,,,,x,,,,,,,,,x,,x,,
3,329,Iiiiiiaiiaia,x,,,,,,,,,,,,x,,,,,,,,,,
3,330,::M>M<:^L{`L}:,x,,,,,,,,,,,,x,,,,,,,,,,
3,331,Whisky ou agua de cocopra mim tanto faz,,,,,,,,,,x,,,,,,,,,,,x,,
3,332,Eu poderia estar roubando,,,,,,,,,,x,,,,,,,,,x,,x,,
3,333,e4,x,,,,,,,,,,,,x,,,,,,,,,,
3,334,}^<^>M:^Ã‡L:}OL:P,x,,,,,,,,,,,,x,,,,,,,,,,
3,335,TOTORO,,,,,,,,,,x,,,,,,,,,,,x,,
3,336,Tchan!,,,,x,,,,,,,,,,,,,,,,,,x,
3,337,ğŸ‘ğŸ‘muito bom,,,,,,x,,,,,,,,,,,,,,,,,x
3,338,carnivalee,,,,,,,,,,x,,,,,,,,,,,x,,
3,339,Poderia estar matando roubando ou me prostituindo,,,,,,,,,,x,,,,,,,,,x,,x,,
3,340,vanos estudar,,,,,,,,,,x,,,,,,,,,,,x,,
3,341,quem que grava sample pra essa peÃ§a? os cara da guitarra?,,,,,,x,,,,,,,,,x,,,,,,,,
3,342,PARAIBA FEELINGS,,,,,,,,,,x,,,,,,,,,,,x,,
3,343,Hshahhahasom!,,,,,,,,,x,,,,,,,,,,,,,,
3,344,Malandramente,,,,,,,,,,x,,,,,,,,,,,,x,
3,345,Foi tudo feito em Chuck,,,,,,x,,,,,,,,,,,,,,,x,,
3,346,XxxxxxxXxXXXxX,,x,,,,,,,,,,,x,,,,,,,,,,
3,347,tem que me pagar pra ficar aqui,,,,,,x,,,,,,,,,,,,,x,,,,
3,348,Norris,,,,,,,,,,x,,,,,,,,,,,x,,
3,349,1717266171881992371,x,,,,,,,,,,,,x,,,,,,,,,,
3,350,,,,x,,,,,,,,,,,,,,,,,,,,
3,351,Uaiiqiqiq,x,,,,,,,,,,,,x,,,,,,,,,,
3,352,________________________________,,x,,,,,,,,,,,x,,,,,,,,,,
3,353,?????,,x,,,,,,,,,,,,,x,,,,,,,,
3,354,Mmmmm,,,,x,,,,,,,,,,,,,,,,,,x,
3,355,Assim vc me mata,,,,,,,,,,x,,,,,,,,,,,x,,
3,356,Macho q doideira,,,,,,x,,,,,,,,,,,,,,,,,x
3,357,Xxxxxxxxx xxxx xxx,,x,,,,,,,,,,,x,,,,,,,,,,
3,358,som de lÃ­cia,,,,,,x,,,,,,,,,,,,,,,,,x
3,359,33333321,,x,,,,,,,,,,,x,,,,,,,,,,
3,360,:{:|:;:},x,,,,,,,,,,,,x,,,,,,,,,,
3,361,Preferia o DJ cabeludo,,,,,,,x,,,,,,,,,,,,x,,,,
3,362,999209181983639,,,x,,,,,,,,,,x,,,,,,,,,,
3,363,Funk,,,,,,,,,,x,,,,,,,,,,,,x,
3,364,,x,,,,,,,,,,,,,,,,,,,,,,
3,365,Mina seus cabelo Ã¨ da hora seu corpo Ã¨ um violÃ£o meu docinho de voco,,,,,,,,,,x,,,,,,,,,,,x,,
3,366,simmm,,,,,,x,,,,,,,,,,,,,,,,,x
3,367,Eu tb,,,,,,,,,,x,,,,,,,,x,,,,,
3,368,Esquema,x,,,,,,,,,,,,,,,,,,,,,,x
3,369,Tira o bonÃ©,,,,,,,,,,x,,,,,,,x,,,,,,
3,370,hi sang!,,,,,,,x,,,,,,,,,,,,x,,,,
3,371,tiraaaaa,,,,,,,,,,x,,,,,,,x,,,,,,
3,372,Quero  ver outra veeeezz,,,,,,x,,,,,,,,,,,,,,,,,x
3,373,Ttttt,,x,,,,,,,,,,,x,,,,,,,,,,
3,374,festa do ime podia tocar isso,,,,,,x,,,,,,,,,,,,,,,,,x
3,375,Tira tira tira,,,,,,,,,,x,,,,,,,x,,,,,,
3,376,tiraaaa,,,,,,,,,,x,,,,,,,x,,,,,,
3,377,<marquee>AEEEEEE</marquee>,,,,,,,,,,,x,,,,,,,,,,,,x
3,378,Tatatatata,,,,x,,,,,,,,,,,,,,,,,,x,
3,379,122333,x,,,,,,,,,,,,x,,,,,,,,,,
3,380,<script/>,,,,,,,,,,,x,,x,,,,,,,,,,
3,381,<bold>gold</bold>,,,,,,,,,,,x,,x,,,,,,,,,,
3,382,Uhuhuhuhu!!!!,,,,x,,,,,,,,,,,,,,,,,,,x
3,383,doido,,,,,,x,,,,,,,,,,,,,,,,,x
3,384,<marquee> estÃ¡tico </marquee>,,,,,,,,,,,x,,,x,,,,,,,,,
3,385,eu quero:),,,,,,,,,,x,,,,,,,,x,,,,,
3,386,Que loucura,,,,,,x,,,,,,,,,,,,,,,,,x
3,387,Louca,,,,,,x,,,,,,,,,,,,,,,,,x
3,388,<markee>uhuuuu</markee>,,,,,,,,,,,x,,,,,,,,,,,,x
3,389,"<span style=\\\""color: red\\\"">Teste Teste</span>",,,,,,,,,,,x,,x,,,,,,,,,,
3,390,$$$$$,,x,,,,,,,,,,,x,,,,,,,,,,
3,391,ğŸ‘ğŸ‘ğŸ‘,,,,,,,,,,,,x,,,,,,,,,,,x
3,392,Super fantÃ¡stico amigo Ã¨ bom estar contigo aqui neste balÃ£o,,,,,,,,,,x,,,,,,,,,,,x,,
3,393,AÃ­ catai!,,,,,x,,,,,,,,,,,,,,,,,,x
3,394,â™¥,,,,,,,,,,,,x,,,,,,,,x,,,
3,395,Hsbahha,,,,,,,,,x,,,,,,,,,,,,,,
3,396,Youyou,,,,,,,,,,,,,,x,,,,,,,,,
3,397,SÃ³ lok,,,,,,,,,,x,,,,,,,,,,,,,x
3,398,hhaaaa,,,,,,,,,x,,,,,,,,,,,,,,
3,399,eu quero ser parceiro de ep de quem fez isso,,,,,,x,,,,,,,,,,,,,,,,,x
3,400,*Palavra andando*,,,,,,x,,,,,,,,,,,,,,,,,
3,401,"<script> puts \\\""hello world\\\"" </script>",,,,,,,,,,,x,,x,,,,,,,,,,
3,402,$&&&,,x,,,,,,,,,,,x,,,,,,,,,,
3,403,amigo,,,,,,,,,,x,,,,,,,,,,x,,,
3,404,<b>teste</b>,,,,,,,,,,,x,,x,,,,,,,,,,
3,405,"<script> puts \\\""hello world\\\"" </script>",,,,,,,,,,,x,,x,,,,,,,,,,
3,406,ğŸ±ğŸ±ğŸ±ğŸ±ğŸ±ğŸ±ğŸ±ğŸ±ğŸŒ,,,,,,,,,,,,x,x,,,,,,,,,,
3,407,()()()())))(-((-(-,,x,,,,,,,,,,,x,,,,,,,,,,
3,408,Eu tambem,,,,,,,,,,x,,,,,,,,x,,,,,
3,409,Cccvvcvaiiaiq,x,,,,,,,,,,,,x,,,,,,,,,,
3,410,------,,x,,,,,,,,,,,x,,,,,,,,,,
3,411,ğŸ—¾ğŸŒ¶ğŸŒ¶ğŸŒ¶ğŸŒ¶ğŸŒ¶ğŸŒ¶ğŸŒ¶ğŸŒ¶ğŸŒ¶ğŸŒ¶ğŸŒ¶ğŸŒ¶ğŸŒ¶,,,,,,,,,,,,x,x,,,,,,,,,,
3,412,<b>uhuuu</b>,,,,,,,,,,,x,,,,,,,,,,,,x
3,413,/????,,x,,,,,,,,,,,,,x,,,,,,,,
3,414,Mmmmm,,,,x,,,,,,,,,,,,,,,,,,x,
3,415,my friend,,,,,,,,,,x,,,,,,,,,,x,,,
3,416,*palavra andando* teste 2,,,,,,x,,,,,,,,,,,,,,,,,
3,417,",..!/$$/&/",x,,,,,,,,,,,,x,,,,,,,,,,
1,418,$$$$$$,,x,,,,,,,,,,,x,,,,,,,,,,
1,419,Chuuuuuuupa que Ã¨ de uvaa,,,,,,,,,,x,,,,,,,,,,,x,,
1,420,Jttttt,,x,,,,,,,,,,,x,,,,,,,,,,
1,421,<marquee> o     .      ....          ooo           ...         o </marquee>,,,,,,,,,,,x,,x,,,,,,,,,,
1,422,*palavra andando agora vai!*,,,,,,x,,,,,,,,,,,,,,,,,
1,423,"<div style=\\\""width: 500px; height: 500px; backgound: red;\\\""/>",,,,,,,,,,,x,,x,,,,,,,,,,
1,424,Oi,,,,,x,,,,,,,,,,,,,,,,,,
1,425,<marquee> o     .                ooo               ...         o </marquee>,,,,,,,,,,,x,,x,,,,,,,,,,
1,426,Bazinga ...de novo,,,,,,,,,,x,,,,,,,,,,,x,,
1,427,Hehehhehe,,,,,,,,,x,,,,,,,,,,,,,,
1,428,e agora,,,,,,,,,,x,,,,,x,,,,,,,,
1,429,Etyaywyyww,x,,,,,,,,,,,,x,,,,,,,,,,
1,430,"???,",,x,,,,,,,,,,,,,x,,,,,,,,
1,431,Lkkkjkw,,,,,,,,,x,,,,,,,,,,,,,,
1,432,"O Otimista  VocÃª tende a sempre ver o lado positivo da vida, nÃ£o importa qual seja o obstÃ¡culo no seu caminho! VocÃª Ã© um raio de luz constan",,,,,,,,,,x,,,,x,,,,,,,,,
1,433,depois disso os cara da guitarra ainda vÃ£o tocar de novo?,,,,,,x,,,,,,,,,x,,,,,,,,
1,434,"<div style=\\\""width: 500px; height: 500px; background: red;\\\""/>",,,,,,,,,,,x,,x,,,,,,,,,,
1,435,JÃ¡ deu,,,,,,x,,,,,,,,,,,,,x,,,,
1,436,so vai ficar assin,,,,,,,,,,x,,,,,,,,,x,,,,
1,437,"<div style=\\\""width: 500px; height: 500px; backgound: blue;\\\""/>",,,,,,,,,,,x,,x,,,,,,,,,,
1,438,O8iii,x,,,,,,,,,,,,,,,,,,,,,,
1,439,Lacrou,,,,,,,,,,x,,,,,,,,,,,,,x
1,440,fora vc,,,,,,,,,,x,,,,,,x,,,,,,,
1,441,caraca,,,,,,x,,,,,,,,,,,,,,,,,x
1,442,para andar -> <marquee> TEXTO </marquee>,,,,,,,,,,,x,,x,,,,,,,,,,
1,443,"FÃ¡bio, FÃ¡bio",,,,,,,x,,,,,,,,,,,,,,,,x
1,444,Llllkaka,x,,,,,,,,,,,,x,,,,,,,,,,
1,445,Hahhaha,,,,,,,,,x,,,,,,,,,,,,,,
1,446,vamos cantar parabens,,,,,,,,,,x,,,,,,,x,,,,,,
1,447,"para andar -> <marquee> \\\""<marquee> TEXTO </marquee>\\\"" </marquee>",,,,,,,,,,,x,,x,,,,,,,,,,
2,448,Pqp,,,,,x,,,,,,,,,,,,,,,,,,x
2,449,Arrasou,,,,,,x,,,,,,,,,,,,,,,,,x
2,450,"para andar -> <marquee> \\\""<marquee> PORTAL </marquee>\\\"" </marquee>",,,,,,,,,,,x,,x,,,,,,,,,,
2,451,Vamos,,,,,x,,,,,,,,,,,,,,,,,,x
2,452,Ah le lek lek lek lek lek,,,,x,,,,,,,,,,,,,,,,,x,,x
2,453,"<div style=\\\""width: 100px; height: 100px; background: blue;\\\""/>",,,,,,,,,,,x,,x,,,,,,,,,,
2,454,space invaders tÃ¡ parecendo,,,,,,x,,,,,,,,,,,,,,,,,x
2,455,"<div style=\\\""width: 100px; height: 100px; background: green;\\\""/>",,,,,,,,,,,x,,x,,,,,,,,,,
2,456,"<div style=\\\""width: 100px; height: 100px; background: pink;\\\""/>",,,,,,,,,,,x,,x,,,,,,,,,,
2,457,11 982926442,x,,,,,,,,,,,,x,,,,,,,,,,
2,458,*quadrado colorido* teste 1,,,,,,x,,,,,,,,,,,,,,,,,
2,459,"para andar -> <marquee> \\\""<marquee> \\\""<marquee> TEXTO </marquee>\\\"" </marquee>\\\"" </marquee>",,,,,,,,,,,x,,x,,,,,,,,,,
2,460,;(,,,,,,,,,,,,x,,,,,,,x,,,,
2,461,;(,,,,,,,,,,,,x,,,,,,,x,,,,
2,462,11 982926442,,,,x,,,,,,,,,x,,,,,,,,,,
2,463,*quadrado colorido com texto andando agora vai!*,,,,,,x,,,,,,,,,,,,,,,,,
2,464,vou ligar ai,,,,,,,,,,x,,,,,,,,x,,,,,
2,465,"<div style=\\\""width: 100px; height: 100px; background: blue; border-radius: 50px;\\\""/>",,,,,,,,,,,x,,x,,,,,,,,,,
2,466,Liga pra mimm,,,,,,,,,,x,,,,,,,x,,,,,,
2,467,"agora Ã© sÃ©rio, eu num tava nem aÃ­.nas esse lance do space invaders eu quero aprender. pvt me por favor",,,,,,,,,x,,,,,,,,,,,,,,
2,468,"<div style=\\\""width: 100px; height: 100px; background: green; border-radius: 50px;\\\""/>",,,,,,,,,,,x,,x,,,,,,,,,,
2,469,<marquee> <marquee> <marquee> <marquee> <marquee> ultra-portal </marquee> </marquee> </marquee> </marquee> </marquee>,,,,,,,,,,,x,,,,,,,,,,,,x
2,470,ğŸ§ğŸš®ğŸš°â™¿ğŸš¹ğŸšºğŸš»ğŸš»ğŸš¼ğŸš¾ğŸ›ƒ,,,,,,,,,,,,x,x,,,,,,,,,,
2,471,ZzzzğŸ˜¼,,,,x,,,,,,,,,,,,,,,x,,,,
2,472,huhu,,,,,,,,,x,,,,,,,,,,,,,,
2,473,"<marquee> <marquee> <marquee> <marquee> <marquee> \\\""ultra-portal\\\"" </marquee> </marquee> </marquee> </marquee> </marquee>",,,,,,,,,,,x,,x,,,,,,,,,,
2,474,"<marquee><marquee><marquee> <a href=\\\""192.168.0.1\\\"" >nao clique aqui</a> </marquee></marquee></marquee>",,,,,,,,,,,x,,x,,,,,,,,,,
2,475,"<div style=\\\""width: 200px; height: 200px; background: blue; border-radius: 50px;\\\""/>",,,,,,,,,,,x,,x,,,,,,,,,,
2,476,*emoticon do msn*,,,,,,,,,,x,,,,x,,,,,,,,,
2,477,paraaaaaaaaa,,,,,,,,,,x,,,,,,,x,,,,,,
2,478,"<marquee> \\\""<marquee> ultra-portal </marquee>\\\"" </marquee>",,,,,,,,,,,x,,x,,,,,,,,,,
2,479,ğŸ‘€.  ğŸ‘€       ...,,,,,,,,,,,,x,x,,,,,,,,,,
2,480,"e ai??,)",,,,,x,,,,,,,,,,x,,,,,,,,
2,481,Wta,x,,,,,,,,,,,,x,,,,,,,,,,
2,482,Jogos para iPhone Android nokia Blackberry Samsung nokia,,,,,,,,,,x,,,x,,,,,,,,,,
2,483,"Queria fazer o logo do ItaÃº, Feulo",,,,,,,,,,x,,,,,,,x,,,,,,
2,484,Eta carai,,,,,,x,,,,,,,,,,,,,,,,,x
2,485,<script>alert() </script>,,,,,,,,,,,x,,x,,,,,,,,,,
2,486,alguÃ©m conseguiria fazer um negÃ³cio andando pela tela no qual eu conseguiria clicar pela tela touch?,,,,,,x,,,,,,,,,x,,,,,,,,
2,487,ğŸ‘‚ ....,,x,,,,,,,,,,,,,,,,,,,,x,
2,488,@,,,x,,,,,,,,,,x,,,,,,,,,,
2,489,PRESS OK PLEASE,,,,,,,,,,x,,,,,,,x,,,,,,
2,490,PRESS OK NOW,,,,,,,,,,x,,,,,,,x,,,,,,
2,491,Ãˆ muita felaÃ§Ã£o,,,,,,,,,,x,,,,,,x,,,,,,,
2,492,botÃ£o ol,,,,,x,,,,,,,,x,,,,,,,,,,
2,493,todos tem que apertar OK,,,,,,,,,,x,,,,,,x,,,,,,,
2,494,Os nerds pirando,,,,,,,,,,x,,,,,,,,,,,,,x
2,495,Ok,,,,,x,,,,,,,,,,,,,,,,,,x
2,496,vamos,,,,,,,,,,x,,,,,,,,,,,,,x
2,497,Cansei de brincar,,,,,,,,,,x,,,,,,,,,x,,,,
2,498,parabens pra vc,,,,,,,,,,x,,,,,,,,,,,,,x
2,499,Deixem de frescar,,,,,,,,,,x,,,,,,,x,,,,,,
2,500,Apertei caraio,,,,,,x,,,,,,,,,,,,,x,,,,
2,501,<marquee> <marquee> <marquee> <marquee> <marquee> _ . _ </marquee> </marquee> </marquee> </marquee> </marquee>,,,,,,,,,,,x,,x,,,,,,,,,,
2,502,eof pleaseeeee!!,,,,,,,,,,x,,,,,,,x,,,,,,
2,503,Quantos anos DJ?,,,,,,,x,,,,,,,,x,,,,,,,,
2,504,...e porra nenhuma,,,,,,,,,,x,,,,,,,,,x,,,,
2,505,PalhaÃ§adağŸ˜€ğŸ˜ğŸ˜‚,,,,,,,,,,x,,,,,,,,,,,x,,
3,506,"<div style=\\\""width: 100px; height: 100px; background: black; color: pink; border-radius: 50px;\\\"">Vendo rolex!</div>",,,,,,,,,,,x,,x,,,,,,,,,,
3,507,SONS DE MAR,,,,,,x,,,,,,,,,,,,,,,,x,
3,508,ondas,,,,,,,,,,x,,,,,,,,,,,,x,
3,509,Eu chutaria uns 60,,,,,,,,,,x,,,,,,,,x,,,,,
3,510,.jÃ¡ deu ! Boa noite !,,,,,,,,,,x,,,,,,,,,x,,,,
3,511,que pasÃ³?,,,,,,x,,,,,,,,,x,,,,,,,,
3,512,Dj vc jÃ¡ casou? Ou estÃ¡ me esperando,,,,,,,,,x,,,,,,,,,,,,,,
3,513,Ime lacrou,,,,,,,,,,x,,,,,,,,,,,,,x
3,514,....,,x,,,,,,,,,,,x,,,,,,,,,,
3,515,Twitch installs archlinux,,,,,,,,,,x,,,,x,,,,,,,,,
3,516,]]]]]]]]]][[[]}}{}{},,x,,,,,,,,,,,x,,,,,,,,,,
3,517,????,,x,,,,,,,,,,,,,x,,,,,,,,
3,518,Kkkk,,,,,,,,,x,,,,,,,,,,,,,,
3,519,Â´Â´Â´Â´Â´Â´,,x,,,,,,,,,,,x,,,,,,,,,,
3,520,Isso aqui vai atÃ© acabar a bateria ????,,,,,,x,,,,,,,,,x,,,,,,,,
3,521,Llll,,x,,,,,,,,,,,x,,,,,,,,,,
3,522,Vc me ama ainda?,,,,,,,,,,x,,,,,x,,,,,,,,
3,523,~~~~~~,,x,,,,,,,,,,,x,,,,,,,,,,
3,524,Basta!,,,,,,,,,,,x,,,,,,,,,,,x,
3,525,~>>><<<<<,,x,,,,,,,,,,,x,,,,,,,,,,
3,526,antivirus,,,,,,,,,,x,,,,x,,,,,,,,,
3,527,TtTt,,x,,,,,,,,,,,x,,,,,,,,,,
3,528,*Vocal do Roberto Carlos* teste 11,,,,,,,,,,x,,,x,,,,,,,,,,
3,529,>>>>>>>>>>>>>>>>>>>>>>>>>>>>>>>>,,x,,,,,,,,,,,x,,,,,,,,,,
3,530,?????,,x,,,,,,,,,,,,,x,,,,,,,,
3,531,Chega!,,,,,,,,,,,x,,,,,,,,,,,x,
3,532,)))))))))))))))))))))))))))))))))),,x,,,,,,,,,,,x,,,,,,,,,,
3,533,&&&&&&&&,,x,,,,,,,,,,,x,,,,,,,,,,
3,534,:::::::::::,,x,,,,,,,,,,,x,,,,,,,,,,
3,535,:/,,,,,,,,,,,,x,,,,,,,x,,,,
3,536,$\#@$@#%\#$Â¨$%&,x,,,,,,,,,,,,x,,,,,,,,,,
3,537,Piano!,,,,,,,,,,,x,,,,,,,,,,,x,
3,538,!\#@$@$!@,x,,,,,,,,,,,,x,,,,,,,,,,
3,539,Galipeeeeeiraaaaaaaaaaaaaaaaaa,,,,,,,,,,x,,,,,,,,,,,x,x,
3,540,fomeeeeeeeee,,,,,,,,,,x,,,,,,,,,x,,,,
3,541,*vamo andÃ¡ texto!!!*,,,,,,x,,,,,,,,,,,,,,,,,
3,542,LÃ‡Â¹Â³3Â¹Â²Â²Â¹Â²Â²,x,,,,,,,,,,,,x,,,,,,,,,,
3,543,Stop!,,,,,,,,,,,x,,,,,,,,,,,x,
3,544,aplay robertocarlos.ogg,,,,,,,,,x,,,,,,,,,,,,,,
3,545,||||||||||||||||||pipe|||||||||||||||||||||,,x,,,,,,,,,,,x,,,,,,,,,,
3,546,ğŸ’€ğŸ‘½ğŸ‘½..,,,,,,,,,,,,x,x,,,,,,,,,,
3,547,!!!!!!!!!!!!!!!!!1,,x,,,,,,,,,,,x,,,,,,,,,,
3,548,/////////,,x,,,,,,,,,,,x,,,,,,,,,,
3,549,ContinuaÃ§Ã£o do solo de bateria interminÃ¡vel,,,,,,x,,,,,,,,,,,,,,,,x,
3,550,buzinas,,,,,,x,,,,,,,,,,,,,,,,x,
3,551,"<div style=\\\""width: 200px; height: 200px; background: blue; color: white; font-size: 30px;\\\"">FELIZ ANIVERSÃRIO DJ</div>",,,,,,,,,,,x,,x,,,,,,,,,,
3,552,Caboh as ideias,,,,,,x,,,,,,,,,,,,,x,,,,
3,553,_,,,x,,,,,,,,,,x,,,,,,,,,,
3,554,/\\\\/\\\\/\\\\/\\\\,,x,,,,,,,,,,,x,,,,,,,,,,
3,555,THE END!,,,,,,x,,,,,,,,,,,x,,,,,,
3,556,Fui num bairro em assuncion capital de el Paraguai,,,,,,,,,,x,,,x,,,,,,,,,,
3,557,:),,,,,,,,,,,,x,x,,,,,,,,,,
3,558,<volume>0</volume>,,,,,,,,,,,x,,,,,,,,,,,x,
3,559,Basta!,,,,,,,,,,,x,,,,,,,,,,,x,
3,560,Para o que?,,,,,,,,,,x,,,,,x,,,,,,x,,
3,561,valeu,,,,,,x,,,,,,,,,,,,,,,,,x
3,562,<volume>1</volume>,,,,,,,,,,,x,,,,,,,,,,,x,
3,563,CadÃª o bolo?,,,,,,,,,,x,,,,,x,,,,,,,,
3,564,Paraguaio!,,,,,,,,,,x,,,,,,,,,,,x,,
3,565,Som!,,,,,,,,,,,x,,,,,,,,,,,x,
3,566,ROAR,,,,x,,,,,,,,,x,,,,,,,,,,
3,567,bolo de som,,,,,,x,,,,,,,,,,,,,,,,x,
3,568,serÃ¡ que isso Ã© continuaÃ§Ã£o dos cara das guitarra? eles que tÃ£o gerando o som?,,,,,,x,,,,,,,,,x,,,,,,,,
3,569,Chega!,,,,,,,,,,,x,,,,,,,,,,,x,
3,570,"Parou pq, pq parou?",,,,,,x,,,,,,,,,x,,,,,,,,x
3,571,Vai apagar as velhinhas?,,,,,,,,,,x,,,,,x,,,,,,,,
3,572,Basta!,,,,,,,,,,,x,,,,,,,,,,,x,
3,573,Â°Â°Â°,,x,,,,,,,,,,,x,,,,,,,,,,
3,574,Dj 20?????,,,,,,,x,,,,,,,,x,,,,,,,,
3,575,Hora do cofee break,,,,,,,x,,,,,,,,,,,,x,,,,
3,576,#ERROR!,,,,,,,,,,,,x,,,,,,,,,,,x
3,577,Basta!,,,,,,,,,,,x,,,,,,,,,,,x,
3,578,ğŸ ....presente pra vc,,,,,,,,,,x,,,,,,,,,,,,,x
3,579,"NÃ£o seja mal educado, DJ. Vai buscar um bolo pra gente.",,,,,,,x,,,,,,,,,,x,,,,,,
3,580,#focas-mil,,,,,,,,,,x,,,,,,,,,,,x,,
3,581,Quieto!,,,,,,,,,,,x,,,,,,,,,,,x,
3,582,-------///---,,x,,,,,,,,,,,x,,,,,,,,,,
3,583,DJ VC Ãˆ UM SARUÃŠ??ğŸ˜ğŸ˜ğŸ˜ğŸ˜,,,,,,,x,,,,,,,,x,,,,,,,,
3,584,bolo som,,,,,,,,,,x,,,,,,,,,,,,x,
3,585,ninguÃ©m tÃ¡ lendo mais nada. tÃ£o sÃ³ tentando escrever html!!!!,,,,,,x,,,,,,,,,,,,,x,,,,
3,586,no hay banda,,,,,,x,,,,,,,,,,,,,x,,,,
3,587,CabÃ´?,,,,,,x,,,,,,,,,x,,,,,,,,
3,588,"<div style=\\\""width: 200px; height: 200px; background: blue; color: white; font-size: 20px; padding: 20px;\\\"">Acabou?</div>",,,,,,,,,,,x,,,,x,,,,,,,,
3,589,#flatearth,,,,,,,,,,x,,,,,,,,,,,x,,
0,590,send('som!'),,,,,,,,,,,x,,,,,,,,,,,x,
0,591,send('basta!'),,,,,,,,,,,x,,,,,,,,,,,x,
0,592,ola,,,,,x,,,,,,,,,,,,,,,,,,
0,593,<b>asda</b>,,,,,,,,,,,x,,x,,,,,,,,,,
0,594,sudo 1234 <marquee>ola</marquee>,,,,,,,,,,,x,,,,,,,,,,,,